author,comments,reply_comments,reply_authors,update
股友0a300T8255,随着峨眉山的一个回馈股东的利好公告，拉开了年底旅游消费的行情！明天就是12月1号,,,12-01
股友ybfp62,垃圾还去旅游,,,11-28
李小歪,点燃旅游的会是凯撒还是曾经的莱茵呢！,,,11-28
心细如发的墨韵1,商业百货起飞了，旅游没有领头羊,,,11-26
股友55e8m89322,明天国新办会议，会提及旅游消费，今天布局，明天起飞！,,,11-26
温情的兰仪嫦,等中日关系缓和了，第一时间杀进来，肯定能赚钱，现在千万别急，国内游客都没啥消费能,,,11-22
摇一个太阳,一个板块还没一个股成交量,,,11-25
A股A哥,起飞,,,11-22
国际金融炒家,建仓旅游酒店板块,,,11-20
钱多多22,旅游行业是反转，不是反弹，趋势向上，什么时候上都不晚,,,11-20
股友H9p2062191,割肉走了，赔2000元,,,11-21
余少Yu88,中免下午涨停啦，旅游快起来,,,11-20
股友ETTZWi,不是要拉消费吗？,,,11-20
有友能手,大连圣亚，今天赐我61.93元收盘价，我对你是真爱啊,,,11-20
亏损65个点,真心绝！涨没涨过，跌第一名的旅游版块！狗桩等着报应吧,,,11-20
温和友善的雷睿博,低吸龙二丽江,,,11-19
买龙头不买杂毛,板块其他最多也就跌3个点，这庄硬要砸跌停，真出生,,,11-19
喜安樂銫,操了天天跌,,,11-19
股友228y973u61,日本航班取消，是否利好国内旅游，周一旅游板块不会又大跌吧？？？没骨气？？,,,11-16
账户已注销,今天板块起飞,,,11-14
天使1987,跳水第一名的板块,,,11-14
不停的做T,缺口补了，就开始跌,,,11-14
即发即涨,2026假期攻略来了,,,11-14
李小歪,中免走趋势，凯撒走情绪！,,,11-10
韭菜开花时,只要旅游动又变盘了，换主线,,,11-10
机灵俏皮的慧瞳9,消费信心起来了，旅游必须安排上，业绩稳了，股价必须上升，吃肉行情开始了。,,,11-10
sheng1880,一个跟大盘对着干的板块,,,11-07
风度儒雅的江蓠1,跟别人提鞋都不配,,,11-07
沉着的秦博弘,这个倒霉板块隔三差五就被砸一波,,,11-07
热情的陈麦克1,真是板块,,,11-07
令我行,压盘死死不让涨！,,,11-06
努力的伏尔加,旅游板废了，大盘经常最后一个,,,11-06
亏损65个点,整个板块给你两个冰雪害惨了！旅游除了你们两个，其他股根本没涨过，跌陪你跌,,,11-06
国际金融炒家,近期市场已显企稳回升态势，多指数震荡走高释放积极信号。叠加市场信心修复与长钱入市,,,11-05
巴蜀系,没有看懂,,,11-05
股海小咸鱼R,整两个st的在前排晃悠啥啊？,,,11-05
股场黄药师,把旅游踢出大A，大A应该在4500左右了,,,10-28
只做排板稳赚,请问大哥大姐们，请问下列这三个能抄底吗？思维列控(SH603508)和汇得科技(,,,11-04
遵守铁律999,……,,,10-31
我love投资,旅游酒店板块下跌到一定幅度，犹如荒丘变成了金山，吸引贪婪的掘金人一批一批又一批的,,,10-31
小馄钝8035,旅游还是上不去，冲高回落。,,,10-31
我love投资,旅在牛市无人问酒在牛市有人弃——死啦死啦的,,,10-29
令我行,早己看出来！专门有资金狂砸盘。砸吗！我也不会去追所谓的股价在天上的！一群乌合之众,,,10-29
股场黄药师,房地产也比你强太多,,,10-29
湖北宋宇飞,4444,,,10-29
有自信的多雨心19,越不敢买越涨，看涨,,,10-22
股友krlbdU,旅游股，大部分成僵尸股了,,,10-28
有自信的多雨心19,调整完了可以拉了,,,10-28
心态平静如水,这个板块真是,,,10-27
斐然斗金的明世隐,君亭酒店，随时拉升,,,10-27
基民16r57V6901,旅游和白酒是最垃圾的板块，没有之一！！！,,,10-24
什么时候能连板,大连亚圣真离谱,,,10-21
光而不耀的黑悟空,天气冷，旅游到广东海南,,,10-21
什么时候能连板,大连，长白山是真的太厉害了，冰雪经济真是势不可挡,,,10-20
MCDH,歇菜！埋单,,,10-20
什么时候能连板,大连，长白山是真的强，冰雪经济独一无二,,,10-20
要你命三千万,兄弟们我白山补仓了希望正合适,,,10-16
反向操作准的很,垃圾板块，补涨都没有，跌的比谁都厉害，,,,10-19
洒脱随性的针哥哥,外面好绿，还好我躲在这里了，囧。。。。,,,10-17
大发满斗的殷野王,$旅游酒店(BK0485)$,,,10-17
机灵俏皮的慧瞳9,这个板块的量还不错，交易看起来挺积极。,,,10-17
SEO神话,1460再讲,,,10-16
卡特的投机者之刃,估计要轮动到旅游板块,,,10-16
聚焦择时,用数据说话，别听那些卖帐篷的给你吹牛洗脑，玩了一天了，谁不想洗个热水澡睡个舒服一,,,10-09
同领地_688,这个文旅酒店稀烂,,,10-16
ST云动消费者,下午卡萨天府要异动了,,,10-15
努力的伏尔加,一个板块都没个涨停,,,10-15
洒脱的康美波,旅游板块在高位，有的跌了,,,10-14
股友26y2329o38,以后不叫旅游板块了，叫金马板块吧。,,,10-14
Z210803,$旅游酒店(BK0485)$,,,10-14
股友26y2329o38,这量价对吗？放量拉了十几周，缩量三周跌到底？这到底怎么出货的？为什么自己埋自己？,,,10-13
蚂蚁的寂寞生活,旅游板块连跌三周，今天居然还可以跟着科技跳空跌，这是牛市吗，我怀疑是大熊市,,,10-13
蚂蚁的寂寞生活,旅游板块还有跌，到十一月中旬布局，冰雪大世界概念股，长白山,,,10-13
再也不卖飞md,这超跌了吧？啊，都跌到哪去了，有病吧,,,10-13
游资hubiao,中青旅起飞,,,10-11
股友it22532689,板块都跌到大盘启动之前了吧,,,10-13
红绿财经,不是说全国有4点多亿人出行吗？各旅游景点爆棚。旅游人数又增加了多少多少？可是旅游,,,10-10
蚂蚁的寂寞生活,这个板块跌了三周，居然还可以跟跌,,,10-13
再也不格局了吧,科技落，旅游起，兄弟们怎么都不发帖子,,,10-11
股友26y2329o38,外贸黄了，消费也黄了。哈哈哈还有什么好期待的？,,,10-11
后来居上地小蚕豆,市场的节奏还是很明显的，杀也不白杀。,,,10-09
非人非股,完全就是锦江拉下来的！锦江现在就是板块中的搅棍,,,10-10
股友31vm808610,明天人民日报发的国庆假期旅游消费数据，这里并没有转发利好，今天小涨一点点以是回应,,,10-10
勤劳的金亚萍4,今天板块反弹了！你这龙头二居然绿了！,,,10-10
英姿飒爽的方大人,七天把两个月的涨幅都跌没了。牛逼，今天继续跌五个点,,,10-10
基民16r57V6901,最垃圾的板块，没有之一,,,10-09
买在高点砍在低点,千万别碰这个鸟板块,,,10-09
亨达明顺,出门旅游如遇下爆雨还睡帐篷，不住旅店吗？笑死我了！,,,10-09
亨达明顺,节前跑了亏死了，天天来唾液，恶意操控,,,10-09
股友26y2329o38,我真的你，旅游股我，你,,,10-09
小开线,跟着板块在走啊，没话讲。,,,10-09
远离车房婚,意思很明显了不要旅游不要消费,,,10-09
东方进财富,大消费？狗都不闻一下,,,10-09
亏损65个点,怎么能做到散户一致的骂你这个板块,,,10-09
水吟龙,以往都是节后跌，今年节前就跌了很多，节后依然按传统来，真的无语到极点了,,,10-09
一道靓丽的风景线,倒反天罡的市场，上面要慢牛，能源、科技成疯牛，消费旅游被抽干成熊牛。,,,10-09
股友31vm808610,怎么你要fan天啊,,,10-09
artzhang,大家好，节前跌到没有钱去旅游消费了，所以，整个旅游消费不及预期，买了旅游消费的股,,,10-09
田纳西州大灰狼,酒店被帐篷干倒了,,,10-09
蛇年鸿运,安心在家吃饱饭吧，别想着外面到处跑,,,10-09
看看谁更能熬,所有消费都在跌只能说明经济不好上面政策科技强行拉升的虚伪牛,,,10-09
回本路上的小菜菜,三峡旅游11连阴！锁仓一年再看,,,10-09
杨老哥割,版块能不能一下翻红,,,10-09
股友NZI5QI,跌到半年线看有没有支撑,,,10-09
爱琴海春城,看这种走势明天抄底应该问题不大,,,10-09
招财满堂地高渐离,旅游近半个月最惨板块，20%以上跌幅比比皆是,,,10-09
睿智英明的怜星1,一波涨价带走股民基民,,,10-09
名花名城,旅游股那么不待见？到底有什么阴谋？,,,10-09
聚享财神,凯撒旅业一己之力带崩旅游概念股,,,10-09
奋博无限好,有病吧,,,10-09
谦逊的刘同学,8天跌这么多，这是啥跌法，没见过！,,,10-09
股友26y2329o38,没人信任的苟,,,10-09
尽你玛,节前跌节后跌，cao,,,10-09
睿智的冉晨光1,子养的,,,10-09
股友ybfp62,以后旅游睡WC,,,10-09
运气买股实力躺赢,干脆叫金马板块算了,,,10-09
红绿财经,旅游股的走势和舆论宣传的完全相反。,,,10-09
宇宙毁灭心还在,住帐篷也不住酒店了跌成这样,,,10-09
股友zq0gqn,看看科技有色,,,10-09
挣亿点点就收手,国庆就算去旅游都不消费不住店，都是你们自己作的。,,,10-09
股友NZI5QI,旅游酒店惨不忍睹,,,10-09
机灵俏皮的散户,跌了这么多，大家也不要割肉了，等春节前反弹再走吧,,,10-09
股友90WgPi,看经济总体趋势，心里就明白了！,,,10-09
我不服,能不能把这个板块剔除啊！！！！！,,,10-09
股友NZI5QI,两个月的涨幅10天跌完了，牛不牛,,,10-09
宇宙毁灭心还在,完辣,,,10-09
股友Xr881z,这个板块犯天条了吗，指数涨了这么多肉吃不到就算了还要一直稳定支付，资金扎堆泡沫科,,,10-09
什么东西怎么玩,旅游酒店到底怎么啦,,,10-09
聚享财神,凯撒旅业带崩了整个旅游板块,,,10-09
旅途田鸡,国庆旅游数据应该比去年降低很多,,,10-09
马上就到了哈额,没办法，都在说90后住帐篷也不住酒店！,,,10-09
聚享财神,旅游呈现稳步增长态势，消费观念谨慎加剧，即使不旅游也可能完成金融消费，感谢各位金,,,10-09
云上鱼,跌穿了,,,10-09
慈祥的汤莉,比银行跌的惨,,,10-09
奋博无限好,有毒吧！天天跌,,,10-09
股友1098852E6t,放量了，要涨了，这个放量跟之前的不一样,,,10-09
股友70L058x732,旅游消费和白酒一样凉凉了,,,10-09
康成广合,这个板块实在太差了,,,10-09
我就是个菜地1016,旅游酒店不会还继续跌吧？自动扣费。,,,10-09
财运有余的苗人凤,大跌完蛋了！全涨科技看港股就知道啦！,,,10-09
爱不可以重来,都套着呢，只等庄家解套了，明天不要下雨出点小太阳。,,,10-08
股友26y2329o38,10月9日旅游板块跌停，利好落地了。,,,10-08
游资hubiao,科技旅游跷跷板，科技涨旅游跌，资金虹吸效应,,,10-02
股友26y2329o38,还有两天清明了！祝大家快乐,,,10-04
股友26y2329o38,20天在旅游上面套了15%，这个月真该S,,,09-30
热情的A股股民,旅游酒店与国民经济关联太大了，所以板块暴跌，,,,10-02
股友26y2329o38,消费个6，买旅游股的亏的没钱旅游！,,,10-01
再也不卖飞md,来地府拉一下主力,,,10-01
生仔的钱好好养,呵呵呵！长假来了！旅游酒店一点反应都没有！什么玩意？,,,09-30
冲高涨停,要云南旅游来拉一拉,,,09-30
股友086w19393a,一个能打的都没有,,,09-30
再也不格局了吧,整个板块成交70多亿，笑死了,,,09-30
股友26y2329o38,买旅游股的股民亏的没钱旅游，哈哈,,,09-30
睿智的冉晨光1,全市场最差板块。旅游，一坨,,,09-30
太和炒家股神,强烈要求取消旅游板块。在这里坑人。留他有什么用，这是留着旅游板块在这里专门坑股民,,,09-30
大集你太美,两点钟资金回流旅游板块。,,,09-30
股友891555NP08,看来是不打算让大家旅游了,,,09-30
股友ybfp62,没人旅游吗,,,09-30
目标25年再赚一点,这个板块碰到这种大节居然还能绿？？,,,09-30
逢高加仓2341,时间到，准备下砸,,,09-30
盘总的日常生活,死板块,,,09-30
七七七柒,最后十分钟拉红过节,,,09-30
情不敢至深,大盘往上走，旅游股还在地板，真的不服不行。。。最差板块之一，旅游没有希望了，亏2,,,09-30
单调一只大猫,这个板块最容易ge韭菜的一个，每逢节假日发布点消息，主力ge一波，屡试不爽,,,09-30
奋博无限好,取消旅游酒店板块，最垃圾,,,09-30
兴高采烈的冉昭,随便调查了下身边朋友不出去玩的原因。第一就是酒店翻得太厉害了。长隆举例，8月去3,,,09-30
水吟龙,跌吧，国庆在家歇着哪儿都不去,,,09-30
我就是个菜地1016,这个板块怎么不ST,,,09-30
我不服,吊车尾，拖后腿的板块能不能撤销掉,,,09-30
蚂蚁的寂寞生活,旅游板块十一月买,,,09-30
股友90WgPi,旅游板块节前提前半个月都涨过了，,,,09-30
股友26y2329o38,真的不要点L,,,09-30
股友r22806773R,节前旅游板块大跌就是要大家亏钱别出去玩，为大家好。,,,09-30
太和炒家股神,远离旅游板块。珍爱生命。买上就让你妻离子散。,,,09-30
今年股市旺旺旺,国庆放假都是没你份？,,,09-30
人性探知,犯天条了么？,,,09-30
天然韭菜,她今天来不来例假阿,,,09-30
蚂蚁的寂寞生活,这个板块十一月份启动，冰雪大世界，看长白山和大连股。,,,09-30
股海无涯散户装睡,意思是今年大家都别去旅游,,,09-30
股友711G6n2832,你可以退了，什么意思嘛,,,09-30
太和炒家股神,旅游板块砸死你们这帮股民不跑还买。让你们想着买旅游。10月1放假，旅游要长长,,,09-30
股友086w19393a,有点被压制了，一点消息都没有，今天下午开会的消息也没有。,,,09-29
太和炒家股神,鸡把涨，旅游都不会涨。这个板块可以取消了。,,,09-30
股友907v73g909,不知道明天盘面咋走会不会计提。哎,,,09-29
暴行逆势,哈哈，旅游板块跌幅第一的资金流出1000万，你红着却流出6000万，全靠散户疯狂,,,09-29
股友26y2329o38,要想板块起来别砸云南旅游，云南旅游2.15进了1000万短暂盘活了整个板块。其他,,,09-29
股友26y2329o38,九月份进的旅游真的太惨了。,,,09-29
摸金校尉红海,无人问津甚是垃圾,,,09-29
游资hubiao,下午起飞,,,09-29
再也不卖飞md,哪来的这么多货要出？发神经了？,,,09-29
基民16r57V6901,旅游股整个板块垃圾到家了，一年到头，没有怎么涨，光了！！！,,,09-29
冷静的投资者,你们是买股票的，不是经营旅游业的,,,09-29
与g庄共舞,主力疯狂拉高出货,,,09-29
主力下韭菜,新华社都发出行利好了，你还不支棱,,,09-29
风光fa,旅游没钱了没人去旅游了,,,09-29
静Zz,黄金周八天假游客人数又要破新高，兄弟们加油,,,09-29
点石成章的若素,有些同步叽,,,09-29
貔貅进宝,兄弟，跌的差不多了吧，都30个点了,,,09-29
财运来了来了来了,今年解不了套了,,,09-29
悟道前进,真坑人的垃圾板块,,,09-29
聚享财神,加仓低位科技，等待轮动机会，旅游概念就是猴子的祖宗废废,,,09-28
股友26y2329o38,我向上级保证，往后三年不旅游了，能不消费就不消费了，逢年过节家里蹲！8月份普涨行,,,09-26
光而不耀的黑悟空,江苏旅游从来不宣传，因为游客永远是第一,,,09-28
忠心耿耿格局,换科技牛市了，摩尔线程概念，10月底新主线，谁玩消费啊,,,09-27
股友pWLBDu,快到10月1了，还是8天假期的，整个板块5天跌了9.5，连反弹都不反弹的，整个板,,,09-27
忠心耿耿格局,旅游太惨了，全部被A杀了,,,09-27
好好喝咖啡,这个指数整个行业都被中国中免拖累了当年涨得时候就中免单枪匹马,,,09-27
财运来了来了来了,没有量了，都跑去科技股了,,,09-26
光而不耀的黑悟空,江苏从来不宣传文旅，因为一年四季，都是旺季。,,,09-26
谦让地雁来红,操盘旅游的资金是真狠啊，直接a杀,,,09-26
真理不需要光彩,垃圾板块,,,09-26
股友26y2329o38,中秋节改清明节了吗？,,,09-26
广东全哥,这个板块是不是有雷？来了个断头铡。,,,09-26
广东全哥,涨了这么久来两个断头铡就没了，这就是股市。,,,09-26
顺势而为行大运,这清明节过的冷冷清清,,,09-26
炒谷实习生,这个板块节前这么跌节后是不是更没戏？,,,09-26
认真的马小白,这个板块就是坑人的,,,09-26
赢麻了我,缩量跌，可能还要跌，被旅游坑铲了，以后在也不买旅游了,,,09-26
股友ybfp62,股市跌成狗谁还去旅游,,,09-26
韭菜坑里的宝总,我只想问你一句，坑人是吧？板块这么跌，没王法了是吗？,,,09-26
选股抓涨停小能手,科技涨不涨，科技跌大跌,,,09-26
云A58Z25,年底前旅游板块都不可能涨,,,09-26
太和炒家股神,你们还去旅游，还去住酒店出去花钱吧。还要去不去了大家。十一放假还去花钱吗？你们还,,,09-26
股友ytQina,栾子板块,,,09-26
股友Gl0Dxh,旅游板块犯了天条,,,09-26
财00081000财,头过节先杀猪,,,09-26
再也不卖飞md,牛,,,09-26
阿抓怕媳妇,这板块连跌五天。主力借台风以及节前利空消息一部分出货一部分打压股价，今年是八天长,,,09-26
吉祥万贯地杨无敌,旅游已废,,,09-26
吉祥万贯地杨无敌,旅游已死,,,09-26
摇一个太阳,板块成交量还没一只科技股成交量高。能有什么出息,,,09-26
以彼道,犯了天条吗？,,,09-26
ST狂潮,本月栽在了旅游上，逆势加仓，哎,,,09-26
CRT88可转债,新一股台风又来临，要及早做出应对措施,,,09-26
朝天椒顶天立地,只要板块有一只拉涨停的，保证板块可以变红，加油啊，兄弟们拉红它,,,09-26
适用的白羽,节前砸一下筹码动都不带动的，看样子主力没有成功，同时也浪费了一次很好的套人机会！,,,09-26
五花肉首领,拉轰,,,09-26
我不服,最垃圾的板块，没有之一,,,09-26
回本就销户321,一个百货，一个旅游，无眼睇,,,09-26
再也不卖飞md,牛逼啊，好不容易跌的少了点，一看拉的全是st666,,,09-26
天使1987,板块个股太不行，今天还是龙头第二天就直接跌回去，所以板块不可能好,,,09-26
太和炒家股神,旅游板块连续下跌一个星期全股市还有哪一个板块能超过它？旅游板块下跌第一一直下跌一,,,09-26
真理不需要光彩,没人来救汪汪队也是G,,,09-26
浮生半世闲9527,恭喜板块5日排名第一,,,09-26
妩媚动人的冉怡萱,国庆节长假就是这样旅游消费，看来没来旅游，旅游板块持续下跌,,,09-26
财运来了来了来了,电池半岛体,,,09-26
缪云鹤仙,五天跌停一个板块哈哈哈,,,09-26
几十厘米换人生,这版块流出的钱不够半导体塞牙缝的,,,09-26
股海无涯散户装睡,谁国庆还要去旅游,,,09-26
我不服,板块！！！！！！,,,09-26
GEM_鞠婧祎,真想骂人连续跌一星期了,,,09-26
霞浦人,散户割了拉起来了，绝对的后台监控数据，所以a股有钱的只会更有钱散户只能来来回回被,,,09-25
辛勤的朱蓉3,这版块牛了个比，，跌这么狠,,,09-26
申沃巴菲特,越到十一越跌,,,09-26
暴富发财好运连连,5天10个点跌幅，真是牛逼,,,09-26
新油条gggenhrhhf,哪有板块这样跌啊还是科技牛啊,,,09-26
太和炒家股神,旅游板块生病了。真的有病很严重。,,,09-26
股涨牛,挖坑洗盘，后面会涨起来的,,,09-26
提出意见,真是连，这样跌真无耻,,,09-25
一定要做做T呀,旅游板块今天有异动,,,09-25
OlolO,上午割的旅游下午拉升又被诱进来了服了,,,09-25
认真的马小白,涨了1个月两天跌回来了还有谁,,,09-25
后来居上地小蚕豆,天线啊,,,09-25
股友086w19393a,芯片旅游酒店板块！,,,09-25
洒脱随性的针哥哥,我怎么觉得又是量化在搞鬼。。。到了某位置就买一波，然后又继续砸,,,09-25
OlolO,割了旅游拉起来了呵呵,,,09-25
EVIN,又是下跌中继的走势,,,09-25
想减肥的小熊,又一个A杀的板块,,,09-25
热爱劳动之小燕子,红0.25%叫异动拉升？跌两三个点时候咋没提示大幅下跌,,,09-25
遗忘的加菲猫,这个是量化操作的走势吧？？？？,,,09-25
股友9732195xR3,赶紧跑，当头大绿K还要阴跌。,,,09-25
财运来了来了来了,我全仓旅游股，我完蛋了，套死了。,,,09-24
实盘小号9213,消费旅游情绪升温，应该可以持续到节后,,,09-25
严谨认真地白蓝雪,前两天割了肉的。庄家低位买回来，节前拉起来再卖给大家。哈哈,,,09-25
龙僖68,旅游板块得春节前才能有一波，现在是阴跌不止,,,09-25
被封印了,这真是精准狙击啊！太脏了,,,09-25
GEM_鞠婧祎,板块真的没救了涨涨一点跌领跌全市场,,,09-25
建筑图神,都散了吧，唉，今年旅游没戏了。,,,09-25
认真的马小白,天杀的板块垃圾,,,09-25
再也不卖飞md,好歹来一个反弹好吧，天天跌，吸旅游的血？有比旅游惨的板块吗，好不容易涨上来，直接,,,09-25
再也不卖飞md,天天涨科技，nm的旅游一点一点的涨了几个月，两天直接打压回去，有这么离谱的板,,,09-25
股友taBi5N,庄主：十月，中秋长假拉一波呢,,,09-25
一闪一闪亮晶晶,买到注定了天天被割肉,,,09-25
一闪一闪亮晶晶,知道为什么天天旅游跌么，因为旅游板块散户已经接盘，散户不跑，主力必定天天砸,,,09-25
一闪一闪亮晶晶,买旅游股的应该都有一种窒息感，被死死摁住,,,09-25
一闪一闪亮晶晶,流出5亿，惨了,,,09-25
一闪一闪亮晶晶,流出4.98亿，出不完的货啊,,,09-25
一闪一闪亮晶晶,跌上瘾了，天天跌，一路长跌，哈哈,,,09-25
一闪一闪亮晶晶,资金一下就出.4.85亿，旅游板块没人完全废了,,,09-25
单培红,科技不倒大部分股起不来，旅游板块跌的太惨了,,,09-25
太和炒家股神,买旅游板块浪费时间，浪费金钱。很浪费的心情。看着就恶心。,,,09-25
上海博友会,多亏早上割了换入了机器人板块回本了3个点,,,09-25
起个昵称真麻烦,继续杀呀，杀到60线,,,09-25
中级炼金师,旅游酒店牛逼呀，要上天入地呀,,,09-25
股友37552h80q1,庄家趋国庆中秋节前疯狂收割，节后干旅游酒店,,,09-25
上海博友会,断崖跌受不了了！割了换机器人芯片了希望能回本！,,,09-25
一闪一闪亮晶晶,天杀的旅游股，韭菜根都拔了,,,09-25
股虫化蝶,提前让大家在股市里消费，别想出门旅游了,,,09-25
一闪一闪亮晶晶,旅游股的散户们早死早安乐,,,09-25
一闪一闪亮晶晶,趁着国庆节，机构出大货,,,09-25
MZ静静的风,阿黄,,,09-25
MZ静静的风,真是……啊,,,09-25
财运来了来了来了,旅游节前没希望了，不看了。,,,09-25
名花名城,旅游板块操了主力的老家吗？为啥不待见？没人接科技的盘吗？,,,09-25
股友75537n0z86,快去科技接手，旅游酒店板块费的,,,09-25
股友9a8P657131,$旅游酒店(BK0485)$,,,09-25
股友1686Q2c888,真拉鸡,,,09-25
主力放心我不砸盘,以前是节前涨，节后跌，后来大家都发现这个规律了，所以现在节前节后都跌了。,,,09-25
妩媚动人的冉怡萱,旅游景区连跌3天了，101国庆还能旅游吗？,,,09-25
中长线价投,旅游消费即将崛起！！！,,,09-25
智慧25龙头13,用力砸狠狠砸,,,09-25
我不服,就喜欢逮着旅游板块虐。。。,,,09-25
单培红,板块连续四天倒数，套几年了慢慢熬吧,,,09-25
一闪一闪亮晶晶,又是一潭死水,,,09-25
A时光搁浅A,今天的杂毛说不定就是明天的龙头,,,09-24
光而不耀的黑悟空,南京的旅游只有一季，就是旺季。,,,09-24
股友086w19393a,现在都不看好旅游板块,,,09-24
ThinkTrader,不出意外，今天开始启动，节前拉升带动大盘冲锋3908。大科技板块的资金大撤退，向,,,09-24
东方明灯万家灯火,旅游板块已经砸出黄金坑，相信我补仓，必有大肉吃！,,,09-24
一世丶随缘,怎么感觉这几年每到十一就来台风？我都是有人放的还是咋滴？,,,09-24
热情的范淳鹤,逼你们去科技，人走完了，他才会涨,,,09-24
股友26y2329o38,旅游股就一个真龙就是云南旅游，如果想旅游板块节前起来只能合力拉云南旅游。云南旅游,,,09-24
光而不耀的黑悟空,国庆旅游南京第一，江苏第一，其他都是弟弟,,,09-24
光而不耀的黑悟空,台风降温来袭，最适合十一假期的就是江苏南京,,,09-24
zgwjyg,盘后旅游酒店要出利好政策了，坚守！,,,09-24
再也不卖飞md,爷叔们好，两天打回原形，就问你们怕不怕，回本至少要几个月了，没办法，科技涨疯了，,,,09-24
股友0g50060H86,国补旅游,,,09-24
再也不卖飞md,未成年退款在哪申请，把钱还我我不玩了,,,09-24
股友69c715r856,恭喜连续三天获得第一板块称号,,,09-24
股友086w19393a,想不通为什么不发钱去旅游，发钱绝对划算，本来犹豫的也去了。,,,09-24
我想站着,整个大盘唯一一个绿的板块，666,,,09-24
大头房书安,俩市第一垃圾板块,,,09-24
好还是不好啊,今天银行板块倒数第二，你倒数第一,,,09-24
奋博无限好,什么都能涨，消费不能，留钱地下花,,,09-24
一闪一闪亮晶晶,这架势尾盘继续砸,,,09-24
财运来了来了来了,太惨了，唯一绿的板块,,,09-24
霞浦人,还国庆放假旅游，跌幅三天倒数第一,,,09-24
股友6110K11N52,被抛弃了,,,09-24
霞浦人,连续三天倒数第一，犯天条了,,,09-24
洒脱的康美波,大盘拉冒烟了,,,09-24
一闪一闪亮晶晶,国庆兄弟们统一勒紧裤腰带，坚决不去旅游区贡献一分钱,,,09-24
和气大展de柳二龙,旅游板块真惨！！！,,,09-24
孤城侠,烂到根的板块,,,09-24
基民967R9h9059,谁是新龙头,,,09-24
赢麻了我,均线没跟上，骗炮出货的,,,09-24
赢麻了我,快上去。别下来,,,09-24
新油条gggenhrhhf,都靠西域旅游带起来了需要一个带头大哥,,,09-24
ThinkTrader,高,,,09-24
股友086w19393a,带血的筹码吃饱了,,,09-24
股友0LOm2I,岭南龙头,,,09-24
ThinkTrader,开始了,,,09-24
我才是昊神,旅游酒店就一点意外都没有吗,,,09-24
适用的白羽,股市是反人性的，老庄利用过节打压股价。,,,09-24
适用的白羽,现在卖还来的及，节前旅游板块已经没有希望了，节后再看吧。,,,09-24
向鸿擒龙,旅游板块三连大跌，真牛逼啊,,,09-24
再也不格局了吧,上周第一次买旅游，难道我买崩了？阅兵买的军工，十一买的旅游，迷之操作,,,09-24
up777777,大家都涨了，起来吧。没必要,,,09-24
一闪一闪亮晶晶,现在半导体依然是主线，旅游板块不拉红千万别进场，上午大概率只是诱多，你们谁被套我,,,09-24
一闪一闪亮晶晶,多学一下半导体吧,,,09-24
B086Y,建议旅游股全部退市,,,09-24
artzhang,旅游酒店发生了，三天跌了九个多点，最高是十几个点，这个完全是打压消费。难度是,,,09-24
东方明灯万家灯火,旅游黄金坑，怕啥？怕还在股市干嘛，这都不敢吃肉喝酒？,,,09-24
一闪一闪亮晶晶,和昨天走势一模一样,,,09-24
科技股才是王道,资金开始切换到冰雪经济了，今天长白山和大连领涨,,,09-24
一闪一闪亮晶晶,板块不拉红，千万不要进场，被套的话，我是不会可怜你们的,,,09-24
GEM_鞠婧祎,旅游板块被打入万丈深渊了,,,09-24
股益中长,请问消费旅游板块把谁惹到了，竟然这样走势，头也不回,,,09-24
Romesquare,买旅游股的好歹跟着板块，我特么买旅游etf的找谁说理去？完全没有逻辑，但现在没起,,,09-24
貔貅进宝,求你了，板块别跌了,,,09-24
一闪一闪亮晶晶,要跌到节后了,,,09-24
运气买股实力躺赢,垃圾就躺好吧，永远别起来害人了,,,09-24
一闪一闪亮晶晶,广州台风没来，雨来了，这下好了，不需要出来旅游了，转战科技股,,,09-24
一闪一闪亮晶晶,这是要跌到国庆后啊，没有一天红盘，恐怖,,,09-24
哇我要发财咯,股民在A股旅游了，不用出去了,,,09-24
拿回鼠于我的一切,犯天条了？这个板块,,,09-24
清风686,踏上回归路。,,,09-24
BB没有A,整个板块自己都在狂出，就不可能独善其身，跌起来就是个无底洞，买之前要看清楚板块了,,,09-24
未来丶1,旅游涨的最少，杀的最狠,,,09-24
一闪一闪亮晶晶,下午又是大开杀戒，建议取消旅游板块,,,09-24
我不服,又是直线跳水的一天,,,09-24
一闪一闪亮晶晶,绝望了,,,09-24
短裤剑客,全靠st不然全绿,,,09-24
几十厘米换人生,不着急我准备放一年不看了,,,09-24
几十厘米换人生,砸是为了喊你去接盘科技,,,09-24
太和炒家股神,真是极品垃圾板块。股市里边的臭虫。,,,09-24
暴富发财好运连连,天天跌，你这是啥垃圾,,,09-24
恭喜满腹地左冷禅,天天跌幅第一,,,09-24
这个股市有点怂,这兔八万，跌不停了,,,09-24
洒脱随性的针哥哥,又是倒数第一的板块，3连冠了,,,09-24
不想好你就炒股,这是要把人往科技股赶啊,,,09-24
见路不走zzjdjsz,为何旅游板块这么惨,,,09-24
太和炒家股神,还有哪个板块能做到这样？还有哪一个？,,,09-24
运气买股实力躺赢,不让旅游是吧,,,09-24
财运来了来了来了,又是大跌,,,09-24
豪爽泼辣的霜白4,旅游真是股市硬伤,,,09-24
云A58Z25,旅游板块又是倒数第一,,,09-24
西昌雪碧,旅游板块割韭菜有点明显了吧,,,09-24
再也不卖飞md,有这么杀的？没任何利空这么杀，还杀两天，国庆前你也没怎么涨啊，怎么突然把货都清仓,,,09-23
给力de阿伊达,沿海刮个台风而已，又不是西安刮，服了,,,09-23
一闪一闪亮晶晶,有本事科技也连杀两天试试，科技都飞上天了，怎么不大跌看看,,,09-23
一闪一闪亮晶晶,台风天也就海南凯撒旅业受到重创而已，其他地区旅游业根本不受影响，庄家出货套现是真,,,09-23
严谨认真地白蓝雪,旅游板块跌幅第一。消费没有一个能看的。还是科技。。,,,09-23
粉涩猫雷,这下没钱旅游了,,,09-23
有耐心的舒严15,只要台风消息一过，直线拉回来,,,09-23
英姿飒爽的文清平,以后十年∽二十年旅游股＝之前十年的白酒股,,,09-23
英姿飒爽的文清平,旅游股将会是从今以后大萧条二十年的贵州茅台,,,09-23
一道靓丽的风景线,这个板块里面的主力我认为真的非常恶心没底线，做空的各路机构主力等好好做个人吧，钱,,,09-23
kjmacd,"一个月的,涨,都跌回去了不消费,又可以不动了",,,09-23
耐心等待回本路,真的是，板块即使大涨的时候，个股也没有涨一大片五个点以上吧，看看大跌，个股都奔跌,,,09-23
一闪一闪亮晶晶,散户是最不受欢迎的群体，只有有散户的板块，必定天天暴跌,,,09-23
远离车房婚,不用消费了,,,09-23
股友zq0gqn,看看半导体,,,09-23
要天天向上哦,A杀，真特么牛逼，逼着去科技,,,09-23
jc韭菜,旅游酒店板块跌幅第一名，都不知道该说什么好了,,,09-23
股友086w19393a,呵呵呵,,,09-23
兴高采烈的吕佑超,未来的主升浪板块,,,09-23
股友1686Q2c888,乖乖真稳,,,09-23
GEM_鞠婧祎,装死板块,,,09-23
ND6299,这板块等死咯,,,09-23
波段之鹰,[捂脸],,,09-23
聚享财神,跌吧，已经退票了,,,09-23
名花名城,旅游股是臭吗？,,,09-23
我是韭菜初长成796,玛德，原定新加坡，马来西亚，泰国游异国游。现在只能，新村，马鞍山，泰康本地特色游,,,09-23
霞浦人,跌幅全板块第一,,,09-23
未来丶1,旅游板块长得最少，跌的最恨，牛笔,,,09-23
一闪一闪亮晶晶,放弃治疗了,,,09-23
这个股市有点怂,都看好节，庄勾日杀一番,,,09-23
股友3703yQ7306,这板块犯天条了？,,,09-23
西昌雪碧,避险板块成了最危险的板块，无语了,,,09-23
富有暴富得扁鹊,牛叉，涨没有消费，跌消费领跌,,,09-23
股友0Z9091685K,没事，下午长白山重回龙头位置,,,09-23
聪明的乔翌禾,股民全部套住，退机票，退宾馆，哪里有旅游什么事。,,,09-23
股友086w19393a,已经跌到周线10日线了,,,09-23
小太阳8196,谁来拉拉，当个龙头吧！,,,09-23
杨柳依依8888,要跌也应该是跌科技,,,09-23
上海欧巴,旅游是所有板块里面最拉圾的，指数涨了，个股基本来来回回半死不活，现在板块指数开始,,,09-23
实诚的白小纯,这一看就是主力在国庆前故意砸盘洗盘吸筹，主力都还套着呢！别慌,,,09-23
股友87A2213t01,这是有什么利空吗？跌也至于这样吧。。完全不是人干的是,,,09-23
w无奈小散,国内这些真是反人性，反常规,,,09-23
资迅快报,哈哈，所以今天砸旅游的目的就是知道股民节前要亏钱，没钱消费，旅游肯定泡汤吗？？？,,,09-23
爱火烧不尽,难道假期提前结束了，劳资还没有出发呢！,,,09-23
作手无名,对于今年的消费，市场明显用脚投票了,,,09-23
我丢你个锤子,都没钱了。还想着旅游？,,,09-23
昕野518,低开高走，错杀了,,,09-23
随便都牛,一个不值得你我呆的地方。。怎么可能会有业绩,,,09-23
沪冥通财神,这是要干啥创造历史啊,,,09-23
灵隐逍遥子,这下都老实了，都在家里躺着吧，没事别出去旅游了,,,09-23
股友882651O5w6,都知道股民亏钱没心情旅游,,,09-23
股友6aFSxG,自杀式下跌是吧,,,09-23
爱火烧不尽,国庆节白放了，还不如取消放假,,,09-23
祥龍腾骧橫財就手,什么情况？？？什么情况？？,,,09-23
直率得雪松,把白酒都带水了，短命旅游,,,09-23
韭菜半打,台风天，做做旅游的攻略……节日到哪玩？,,,09-23
谨慎的肖思源,旅游消费板块不行，经济确实不行了,,,09-23
artzhang,涨两天跌一天，前一天波动很大，散户基本上跟不上节奏，希望明天大涨一下安慰散户的情,,,09-22
云A58Z25,板块要跌停吗,,,09-23
股友NZI5QI,两根大绿棒彻底破位了,,,09-23
福星高照快点回本,牛。。。。杀旅游。。。,,,09-23
川渝暴龙闯荡股市,大病，拿去吃药,,,09-23
东方明灯万家灯火,不要怕，旅游下午会拉起来的！故意砸的，怕个锤子,,,09-23
智慧25龙头13,正常回调而已,,,09-23
冷若冰霜的许茁,你这是明抢吧？,,,09-23
MZ静静的风,哪有什么价值投资，坑……,,,09-23
基民86OWWt,板块全绿也挺少见的，深度套牢…,,,09-23
凌云天地,这是了,,,09-23
东方明灯万家灯火,有意思，故意呀,,,09-23
单调一只大猫,每年都这样，节假日前旅游都是砸盘,,,09-23
股友29c1P37299,强台风,,,09-23
名花名城,了了了旅游这样跌，谁去玩,,,09-23
太和炒家股神,这种板块太可笑了，以后谁还敢买,,,09-23
ND6299,为什这样的,,,09-23
马上就到了哈额,龙头带头砸！配合主力踩踏！,,,09-23
基民16r57V6901,旅游了吗？,,,09-23
这个股市有点怂,没法玩了，坑死了,,,09-23
浪尖上的老九,23号资金没有方向了，还得选择这里，网上定酒店也已经不太好定，优惠已经没有了,,,09-22
股市321123,垃圾，跌的最多，涨的最少,,,09-23
布鲁布鲁的李光盈,完了，死臭了！,,,09-23
布鲁布鲁的李光盈,死臭了！,,,09-22
东方明灯万家灯火,死也要死在旅游，不能死在科技创业接盘……！,,,09-21
三年_封神之战,$旅游酒店(BK0485)$,,,09-21
远离车房婚,就当在这里旅游消费了,,,09-22
Oo守株待兔oO,旅游板块带头启动长假收益概念了，下周应该继续吧？！,,,09-19
龙头选手1号,目前板块急需一个新的龙头带领旅游起飞,,,09-19
见路不走zzjdjsz,这么快就开始兑现了？比9.3的军工还快,,,09-22
巷口有个美男子,明天来个修复,,,09-22
小馄钝8035,十日均线没破，还有希望拉升一波（冲高在跑路）。。。,,,09-22
小眼看蚂蚁,旅游从来都是越近节假日，越杀跌，狗主力狠啊,,,09-22
无畏的接盘侠,板块倒数第一,,,09-22
机智的戴楠池,真毒啊，佩服,,,09-22
股友zq0gqn,什么垃圾板块,,,09-22
名花名城,旅游业跟股市有仇吗？,,,09-22
小馄钝8035,节前旅游酒店真没戏了，看谁跑的快。,,,09-22
股友70L058x732,都被消费电子吸走了,,,09-22
打野艺术家,旅游板块应该是这轮牛市唯一没涨的板块吧,,,09-22
edison_ho2018,大家还有钱去旅游吗？,,,09-19
东方明灯万家灯火,今天砸的这么狠，可是只要你割肉，明天它必高开…………主力会玩！,,,09-22
我就是空神,就是砸，你看好什么就砸什么，今天涨，明天就砸。让你追涨杀跌，全进基金里去。,,,09-22
单调一只大猫,主力是真的牛啊，利用节假日反复拉升砸盘收割散户,,,09-22
光而不耀的黑悟空,台风来了,,,09-20
有决策力的小牛牛,$旅游酒店(BK0485)$,,,09-20
光而不耀的黑悟空,旅游的最大费用主要集中在交通、住宿和餐饮三大核心板块，其次是景点门票与购物消费，,,,09-19
机智的戴楠池,酒店板块千万别扔，这波牛市酒店基本没涨,,,09-19
股友u998698P20,与其在科技看消息面的脸色玩轮动，不如直接玩比较确定性的国庆行情。,,,09-19
股友26y2329o38,快抄底全聚德，把主力筹码拿过来，已经快砸没筹码了，散户拿筹码自己拉十个板。,,,09-19
韭菜盒子不加菜,真以为国庆节能消费起来啊？,,,09-19
路不语,怎么板块大涨，资金是净流出的？,,,09-19
黄沙百战破楼兰,小心点儿，旅游消费变成股市消费。,,,09-19
秀外慧中的周逸凡,国庆节,,,09-19
八零抄手,资金收割了这么人，还有钱旅游吗，看看上半年的数据,,,09-19
股友J1eLYm,旅游炒到下星期二可结束。,,,09-19
牛批的一批,别冲动,,,09-19
洋河等于白干,逆天,,,09-19
龙头选手1号,都来西安饮食啊！曾经的扛把子啊！,,,09-19
体贴的梅佑超,一日游,,,09-19
体贴的梅佑超,恶心人的板块，一日游,,,09-19
点石四海的虞姬,哪来的钱旅游，恶意炒作,,,09-19
光而不耀的黑悟空,只涨旅游不涨酒店,,,09-19
股友086w19393a,非要和大盘对着干是吧？？,,,09-19
涨停数钱,大盘砸盘就都来这里了,,,09-19
佛金fj,不拉升就没钱去旅游花钱,,,09-19
韭菜之,抄来抄去，也就酒店旅游能抄，资金不来这里去哪里，还不是消费,,,09-19
东方明灯万家灯火,旅游酒店下杀也正常，大资金都在科技创新，不会轻易抬轿子的，等呗,,,09-19
浪尖上的老九,节前肯定会涨,,,09-19
光而不耀的黑悟空,旅游是爷，酒店是孙,,,09-18
股友0591983qP9,今天大盘跌的这么厉害，这个板块还能红,,,09-18
蜀山炒家,很明显科技之后的主题就是大消费，尤其是服务消费，旅游酒店这些。,,,09-18
鹰笛9784,旅游板块国庆节前看来要炒作一番,,,09-18
光而不耀的黑悟空,去西安为什么不去苏杭上海,,,09-18
油脂要命窜稀,没钱了贷款旅游哈哈哈,,,09-18
葛大壮,赛意信息位置低，空间大，冲鸭弟兄们,,,09-18
红金宝刀,真正再来一次吧！,,,09-18
小馄钝8035,冲高就抛。。。,,,09-18
凉都淘金客,$旅游酒店(BK0485)$,,,09-18
热情的陈麦克1,真是恶心人的板块,,,09-18
足智钵满de周伯通,旅游消费一眼望到头，没人敢玩,,,09-18
skyhero1993,买旅游的都亏了吧，本来有钱旅游的，这下子好了旅游不了了,,,09-18
哎呀一k丁,大家旅游穷游就行，别买景区的任何东西，,,,09-18
小馄钝8035,追高的兄弟们要当心了。。。,,,09-18
股友086w19393a,看这一个个的上影线，恶心,,,09-18
单调一只大猫,连续三天被打压了,,,09-18
单调一只大猫,反复割韭菜，真是无语啊,,,09-18
葛大壮,561980是绝世好基金，冲鸭弟兄们,,,09-18
七五一,马上就黄金国庆了这玩意不错,,,09-18
美丽的入腊红,哎！旅游板块也不高啊！何必这样下杀呢？搞不懂,,,09-17
光而不耀的黑悟空,川陕大到暴雨请合理安排,,,09-17
skyhero1993,消费没有向好的趋势国家才出政策的，恰恰反映未来预期不好，昨晚我就说今天肯定是割韭,,,09-17
股友61051E9V09,今天a公子消费买单，不说了今天割肉了谁爱消费去消费,,,09-17
再也不卖飞md,你们这些主力就这么抛是吧？涨了多少就着急出货,,,09-17
福不缺,现在哪里旅游都是坑，哪里旅游都亏钱,,,09-17
股友1C31007q89,消费股是真坑每次高开就套人,,,09-17
韭菜坑里的宝总,真的糙内嘛了，涨完就大跌，你做个人了吗？,,,09-17
只爱女大s,消费股全部退市吧,,,09-17
选股抓涨停小能手,让买易中天半导体科技的人去消费,,,09-17
单调一只大猫,配合政策割韭菜，怎么说呢？效果应该不错,,,09-17
skyhero1993,这是政策配合割韭菜啊,,,09-17
股友26y2329o38,全聚德你不涨也不能这样跌吧，全聚德9月份就红了3天，12天就红了2天，波动起来啊,,,09-17
拿回鼠于我的一切,旅游板块真垃圾,,,09-17
小小韭菜很可笑,最恶心的板块,,,09-17
股友62e090906C,为啥今天旅游一下子跌了这么多，这也没涨多少啊！今天上午来个拉高下午砸不是更好吗！,,,09-17
美丽的入腊红,旅游就是牛市的脚踏石，笑话,,,09-17
再也不卖飞md,真牛，你是涨了多高啊，就这么出货，666,,,09-17
股友0p3128w738,旅游天天变龙头,,,09-17
股友598v360F56,buff不够？,,,09-17
月好圆,下午肯定起来，兄弟们加仓干,,,09-17
再也不卖飞md,科技涨上天了，旅游头都不愿意抬一下是吧,,,09-17
太和炒家股神,君亭酒店。竞价完毕直接下跌带崩了所有的板块。,,,09-17
太和炒家股神,今天就是君亭酒竞价的时候，进完以后直接下跌带崩了整个板块。,,,09-17
小馄钝8035,昨天重仓旅游，开盘没跑倒霉了。。。,,,09-17
小馄钝8035,旅游利好出货，做头了吗？,,,09-17
小小韭菜很可笑,高开就发套，也是没谁了,,,09-17
股友8838953p32h,妈娘,,,09-17
股友bUXOfT,利好就是发套套,,,09-17
股神是传说,发套,,,09-17
股友26y2329o38,资金在科技一时间转不过来，唉,,,09-17
我该叫点啥,没人性呢,,,09-17
不破2000誓不还,旅游板块发套套,,,09-17
福不缺,旅游都联系上涨半年了，也该收割了,,,09-17
正义信条,还不如啥消息没有呢。消息一出来就是出货。不发布消息吧，它还能慢慢的往上涨涨。,,,09-17
股友k505855A35,这一轮基本结束了,,,09-17
英气俊朗的柳姗虹,要设置春秋假了，就这德行,,,09-17
吉祥运气,真的是见光死啊,,,09-17
Coke老湿,逆天市场,,,09-17
Aaron梓丞,这板块需要个领头羊,,,09-17
股友Ag9KRl,真是垃圾,,,09-17
年年万贯得潘乘风,旅游，体育，全运会。岭南控股才是龙头。,,,09-16
手搓游资,都知道国庆+旅游，9月我就是旅游加百货轮换，只是相对旅游让人失望，今天切到统一市,,,09-16
寻仙三才神,旅游板块今天走势标志着启动了吧？凯撒算是龙一了吧？还是群龙乱舞？反正旅游板块到春,,,09-16
袅上青云,旅游酒店、航空机场、商业百货等板块补涨明显，板块有序良性轮动，奠定了后市进一步上,,,09-16
东方明灯万家灯火,明天旅游估计高开了，时间不多了！,,,09-16
光而不耀的黑悟空,发点消费劵吧，我们也好出去玩玩,,,09-16
光而不耀的黑悟空,历史学家朱楔：文学之昌盛，人物之俊彦，山川之秀丽，气象之宏伟，以及与民族休戚与共,,,09-16
基民2jgwwC,玩成9月3日前后的军工？？,,,09-16
lo200910,总有贪婪的人不信邪呵呵，出来的快来看风景。我从9月1好开始就让大家出来，不知道有,,,09-16
韭煌本人,超大阴避雷针，明天直接废废,,,09-16
一叶子1878178,2.5的涨幅都磨平了,,,09-16
寶die,旅游板块差不多天天冲高回落资金流出指数在升哪位老师讲下怎么回事,,,09-16
单调一只大猫,这样砸盘合适吗？,,,09-16
光而不耀的黑悟空,君庭和金陵酒店，苏杭第一,,,09-16
光而不耀的黑悟空,十一考虑天气因素还是要求苏杭，上有天堂，下有苏杭,,,09-16
葛大壮,515880是绝世好基金，冲鸭弟兄,,,09-16
光而不耀的黑悟空,国办：推动旅游标准实施应用和试点工作提升旅游产品质量和服务水平，聚焦入境游高端酒,,,09-15
基民63099P9U07,整个板块最近都没什么声音，还天天冲高回落，是不是意味着在蓄势要涨了啊？,,,09-15
基民63099P9U07,整个板块有时候喜欢逆着指数，有时候又顺着指数，到底想干啥呀？,,,09-15
一叶子1878178,旅游酒店应该是防守板块，为什么今天这种情况还不能好好的涨一下呢？,,,09-15
光而不耀的黑悟空,苏超98%的入住率，涨价25%，都拉不动金陵饭店吗？,,,09-15
机智的戴楠池,宋城和锦江已经启动，滞涨的也该上来了,,,09-15
一叶子1878178,马上都十一了，不来一波吗？,,,09-15
WLB007,冲起来啊！,,,09-15
股友63x73061l1,中青旅,,,09-15
光而不耀的黑悟空,根据2024年全国地级GDP数据，排名前十的地级市如下：不含南京，所以苏超联赛的,,,09-14
光而不耀的黑悟空,苏超一个假期就拉动700多亿的文旅经济，南京最大赢家，三季报会不会发预告,,,09-14
手搓游资,不好玩了,,,09-12
基民63099P9U07,大盘普涨两天，旅游普跌两天，太牛了。,,,09-12
zhang2022,这个板块下午要爆发，科技下来了,,,09-12
魅影骑士爱C罗,这个板块全让西安三傻给拖累了,,,09-12
机智的戴楠池,阿里扫街榜概念,,,09-11
袅上青云,食品饮料、旅游酒店、商业百货、航空机场等弱势板块上行趋势都已形成，几乎所有行情板,,,09-11
自在的钱日轩,密码，每次都砸,,,09-11
光而不耀的黑悟空,关注小市值热点酒店旅游公司，很容易拉涨停，一旦涨停，板块就是整体跟涨，把板块炒热,,,09-11
厚de载运,别看小小不起眼的板块”先前几个月前就说过旅游板块一定是具备爆发的,,,09-10
恍惚之境,板块2个点，龙头绿的。真的牛,,,09-10
燚晖股票大阳,板块2.2%主力比我们急，有本事砸穿都别赚钱。,,,09-10
见好就收啊啊,委托标的：买卖方向：笔记：,,,09-10
豪放不羁的秋荻7,双节同庆活动活动多走动走动就好了多出去耍耍嘛打个伏击，之前那个电影跌停板抄底现在,,,09-10
长江后浪i,$旅游酒店(BK0485)$,,,09-10
月吻恋舞蝶,参考8.29号，就看明日竞价会不会缩量上板，放量那么又要回调,,,09-10
基民0GpFqn,$旅游酒店(BK0485)$,,,09-10
skyhero1993,旅游这波上涨已经有半个月了，短期还是调整，不要追高。,,,09-08
风之子lj,奇葩主力，谁跌都跟，谁涨都不跟。,,,09-09
有自信的多雨心19,旅游板块都在调整这是涨多了,,,09-09
天使1987,笑了，消费都拉了你还在装死,,,09-09
天使1987,回调30日线,,,09-09
百事可乐你喝不喝,全市场最没格局的板块，没有之一,,,09-09
skyhero1993,昨天就说了旅游不要跟，现在是主力等着散户们接盘阶段，短期旅游消费没有看点，资金还,,,09-09
股友587833vm37,老美降息，资产升值，旅游资源的价值严重低估。,,,09-08
玻璃吃人cap,马上跌幅第一了涨起来从来没第一过板块,,,09-08
吉祥如意得张飞,整个板块唯一的st股竟然排榜首，似乎为鹤立鸡群，其他股都是鸡吗？,,,09-08
太和炒家股神,旅游赚钱效益太慢。长的时候太慢，下跌的时候太快。还是换一个赛道,,,09-08
基民63099P9U07,旅游干不过体育,,,09-08
牛头磙,一个板块居然找ST当一哥，,,,09-08
股命先生,旅游股已经稀稀拉拉了，唉,,,09-08
八方来财君子,旅游震荡调整蓄势待发，光伏今天暴涨，当然了即然看好光伏手里的st沐邦涨了一点都不,,,09-05
繁花688,现阶段只要旅游酒店上大盘就得垮,,,09-05
石榴子,这个长下影线真恶心人,,,09-06
革新大道,在内蒙一机坚持两个跌停，进了西藏旅游又怼一个跌停，三天把四个月赚的吐回去还倒贴，,,,09-05
解放路营业厅散户,继续新高又如何呢？,,,09-05
解放路营业厅散户,什么玩意，大盘起来了，你横盘啦,,,09-05
心态要好啊,虽然不强，再怎么你也比食品饮料强多了,,,09-05
梭瓦賀,昨天抖音主播推十一旅游预期，看来还是不到时候,,,09-05
南街小六,$旅游酒店(BK0485)$,,,09-05
醉眼看花000,全网就1000个绿的，旅游基本都在里面,,,09-05
中免的拉垮,只有靠中免拯救板块，只要中免起来，会带动很多,,,09-05
牛头磙,什么时候出去旅游一下,,,09-05
这个股市有点怂,就是利好造成的,,,09-05
天使1987,都说了一个光伏一个旅游，这两个板块不要买，90%的时间都是跳水,,,09-04
赚三千万就收手6,大家都是赚了钱放心去旅游了吗？,,,09-04
爱火烧不尽,大佬们在科技半导体里面挣到钱了还是要多出去旅游一下，住一宿酒店什么的，把身心养好,,,09-04
股友ybfp62,旅游完了,,,09-04
上海龙华中路,暑假结束了？炒文旅？,,,09-04
异动解密,短线热点,,,09-04
八方来财君子,旅游消费集体爆发！9月2号提醒大盘阶段性见顶，资金轮动方向文章中排序靠前首选是-,,,09-04
mutian0814,大佬们在牛市里挣完钱偃旗息鼓，开始旅游住酒店了,,,09-04
股股生花1,涨这么多没一个涨停的。,,,09-04
回本就销户321,这波调整还好是买了旅游,,,09-04
手搓游资,永远要相信龙头的魅力。跟着龙头。有龙虾吃,,,09-04
Sti11ove,七月份画的这个图估计没人质疑了虽迟但到资金高低切换转换也需要时间，上周五买入食品,,,08-20
又要中新股了,该轮到旅游板块了吧科技新高过了,,,09-03
解放路营业厅散户,该跌不跌避大涨,,,09-03
Romesquare,这比旅游etf好多了，旅游etf简直就是个假的,,,09-03
有自信的多雨心19,明天板块大涨,,,09-03
快到碗里,今天旅游抗跌明天应该还可以冲,,,09-02
天使1987,最能跳水的两个板块，旅游板块和光伏板块，两个****,,,09-02
唐叔虎点蚊香,又努力争倒数第一呢？还真够进步的,,,09-02
光而不耀的黑悟空,七夕酒店都不涨，完了,,,08-29
回本就销户321,一个龙头都没有。,,,09-01
葛大壮,515980资金狂涌而入，冲鸭弟兄,,,09-01
平静的交易者1,缺一个龙头，会是谁？商业百货是国光。,,,09-01
戴南不锈钢吖,人民币暴涨，境外旅游火了，旅游板块提前启动,,,08-29
幼稚园股侠,九月炒旅游消费是主线,,,08-29
小馄钝8035,旅游还是不行,,,08-29
光而不耀的黑悟空,携程集团-S第二季度净营业收入148亿元人民币同比上升16%,,,08-29
桀骜不驯的栖砚9,买一次坑一次的板块，这辈子把钱扔了都不会送给你,,,08-29
旷课来大A,消费昨天尾盘拉了一下被砸，今天拉了一下又被砸，主力蠢蠢欲动,,,08-28
有自信的多雨心19,马上九月份了旅游该来一波了,,,08-28
光而不耀的黑悟空,股民发了，旅游酒店消息,,,08-28
股友UGIHao,明天七夕酒店能不能走一拨,,,08-28
股友0V35y66012,旅游板块就这么点资金，但奇怪的是每次大盘一拉升，旅游就跌，大盘开始下跌了他也跌。,,,08-28
Kop,暑假都快结束了，还拉条毛线旅游酒店。,,,08-28
股友zq0gqn,这板块涨都不涨就跟着回调，下个月多半是机器人或者电源。都以为国庆前消费要拉主力就,,,08-27
自在的钱日轩,没咋涨过，跌是大跌,,,08-27
鼎晟投资,16500见,,,08-26
天使1987,烂板块，涨一半跌一半,,,08-26
普通人053,大盘3900点，成交量3万亿，这个板块真是烂,,,08-25
小馄钝8035,重仓买了三峡旅游，怎么不涨？哎。。。,,,08-25
机智的戴楠池,垫底的板块，个股基本在3000点,,,08-25
莫装x易雷P,旅游不可能踏空的，下周开始起航,,,08-24
大吉利市得云中鹤,板块走势像是要加速了,,,08-22
黄山2018,你们是没见过这样的吧，这种老鼠仓机构我见多了，长白山也是这样的自己查查长白山在6,,,08-22
九阴会,重生之我在旅游躲牛市,,,08-22
提出意见,大盘都3800了，你真是拉几,,,08-22
提出意见,装死呢,,,08-22
小馄钝8035,涨指数，旅游酒店不动了。。。,,,08-20
厚de载运,市场没有可涨的就自然会去旅游消费类,,,08-20
光而不耀的黑悟空,酒店业绩一样,,,08-20
股友93961m0P69,随着大众旅游时代的到来，旅行已经成为普通人的生活方式。活的像个人，而不是为了虚荣,,,08-20
lo200910,这波走完了,,,08-19
必须要空仓等待,每天都净流出，到底有多不看好旅游,,,08-19
美丽的入腊红,旅游板块就是躲避牛市的，走吧！随便进个都好,,,08-18
袅上青云,几乎所有行业板块（包括钢铁、煤炭等）都已形成了上升通道，唯有旅游酒店、商业百货、,,,08-17
n14008080123501d,央行最新货币政策报告释放重要信息：宏观调控思路加快转变服务业估值有进一步完善空间,,,08-17
黄山2018,黄山这个价区域真实成交量不会超过5万多手其他多出来的量全是老鼠仓基金和私人名人账,,,08-15
股友22c00365m0,9.3阅兵北京本地股首旅酒店和全聚德应该是最直接的受益者,,,08-15
机智的戴楠池,避险板块,,,08-14
旷课来大A,消费昨天利好全部高开低走很诡异，大盘破了新高向上空间不大了，做好防御准备，重点关,,,08-13
三藏十二,$旅游酒店(BK0485)$,,,08-14
这个股市有点怂,高开低走，,,,08-13
n1397399416a40ff,旅游板块没有资金来炒！市场不认同,,,08-13
上海超短操盘手,短期会小涨，但是我继续观望，我在旅游酒店提前炒国庆中秋的预期,,,08-09
红木房,能否集体来个涨停潮,,,08-08
九阴会,西域旅游20cm涨停带都不动板块动一动，666，一盘散沙,,,08-08
小馄钝8035,这一次拿着旅游酒店太倒霉了，指数涨600点还输钱，晕死了。,,,08-06
几十厘米换人生,这是避险板块,,,08-05
n1397399416a40ff,旅游板块，有人不想让她涨！打压中,,,08-07
主力放心我不砸盘,$旅游酒店(BI0485)$$海南板块(BI0176)$$A股平均股价(ZT80,,,08-06
龙年8号的吉祥二宝,洗盘结束，开始拉升，,,,08-06
控制回撤稳定胜率,今天指数修复，然后旅游板块也进行修复，天府，今天应该是出货了，主动性不太强，有点,,,08-04
九阴会,拉机板块，没一个能打的，全是僵尸股,,,08-01
单培红,最恶心的板块，满仓套我3年了，太狠了,,,08-01
阿狸不吃糖,这板块太惨了吧，除了趋势牛的那几只，其他的都不敢红,,,07-31
初心圈钱使命跑路,奶疼，哪里异动拉升了,,,07-30
股友291836i2g1,旅游强势崛起来了！,,,07-30
大吉利市得云中鹤,涨的股,,,07-30
股友Smsv0e,$旅游酒店(BK0485)$,,,07-30
几十厘米换人生,分化太大了这个板块,,,07-30
东财网友8327513727991190,董秘，你给我爬出来,,,07-30
KevinJay,西藏旅游得8板，才能带动,,,07-29
机智的戴楠池,中免和宋城又再打压板块了,,,07-29
破黄就跑,旅游板块有可能最近要集体高潮一次，拿住了,,,07-29
农民收割庄家,感觉科技与狠活是阻碍消费的一个原因，然后就是景区的商总认为都是一次性消费，目光太,,,07-26
英姿飒爽的拾翠园,中午拉那一波算个啥,,,07-25
机智的戴楠池,这板块一直被中免和宋城压制，起都起不来,,,07-23
足智多谋的石港,旅游板块拉起别装了主力,,,07-21
粥吧森,$旅游酒店(BK0485)$,,,07-24
葛大壮,卧龙电驱，冲鸭弟兄,,,07-24
机智的戴楠池,这波牛市，板块个股跌的真是惨不忍睹,,,07-24
葛大壮,卧龙电驱，杠杠的，冲鸭弟兄,,,07-24
王的佛实盘操作,这些苟比们砸旅游板块干什么，莫名其妙的,,,07-23
机智的戴楠池,就这个板块还在底部,,,07-22
液体阳光,温馨提示：大连这个夏天有点儿【冷】,,,07-17
自信人生二百年1,小垃圾,,,07-17
一个涨字了得,这种没人气的板块，憨批才买吧,,,07-14
股友ybfp62,钱全部存银行了，哪里有人去旅游，去的也都是穷游,,,07-16
股友ybfp62,垃圾,,,07-16
去你的123,整个板块都废了，以前大盘不行还会拉下，现在彻底废了,,,07-16
冰雪聪明的清,这板块都没有一个像样的,,,07-09
T王子V5歹哥,全国餐饮都死了，五星级酒店都在外面摆摊，餐饮酒店今年全部退市,,,07-15
李费佛,暑期旅游一塌糊涂,,,07-15
刚刚好69180,旅游板块简直太坑了,,,07-15
永旺向钱,香港旅游股暴涨，国内旅游股却大跌？,,,07-15
东方进财富,一切利好利空在资本面前，一文不值,,,07-15
几十厘米换人生,呵呵呵，这个位置好意思,,,07-15
股友2609N2a117,日4你嘛,,,07-15
股友LQ3ejB1384,你是啊！,,,07-15
股民的股,慢牛,,,07-14
金三_银七,这个板4月涨了一波今年都没有机会了,,,07-14
社会你宝总,整个旅游板块目前只有桂林旅游出了半年业绩公告，怎么肥事？,,,07-12
文笔我就说,整个板块没一个能打的,,,07-11
锐科牌韭菜收割机,全是殠渔烂虾，没一个带头的，浪费指数了！,,,07-11
炒股二十年,大家换票吧，这波下午启动没轮上旅游，说明旅游板块没有资金进入主力，不看好旅游板块,,,07-11
平川一,这旅游板块，是犯过天条还是通敌了，这么久了。真就一个蛋都下不出来,,,07-11
几十厘米换人生,房地产光伏锂电池都比这货强多了，忍不住就换了,,,07-10
坦诚的肖古力娜扎,旅游没有大哥啦，难起来了，太单一了,,,07-10
金喜墩,旅游就不行国家不让旅游,,,07-10
好好喝咖啡,整个旅游板块还没一个周杰伦厉害,,,07-09
股友7318u5103z,调整接近尾声,,,07-10
基民nKi7Bj,什么板块都涨了，就这玩意不涨,,,07-09
坦诚的肖古力娜扎,百货准备起来旅游会跟吗,,,07-09
坦诚的肖古力娜扎,旅游是真不动了吗,,,07-09
好好喝咖啡,最不卷的行业反而不看好？,,,07-09
单培红,最恶心的板块,,,07-09
明白空仓等待,大家都在旅游板块是面躲牛市,,,07-08
中级炼金师,天时地利人和，旅游板块除了凯撒，其他操盘均是SB,,,07-08
靠一根均线走天下,连钢铁水泥都玩不赢的,,,07-08
几十厘米换人生,已经是最烂板块了，光伏都不当小弟了,,,07-08
我叫啊啊,不放量，坚决不要看，旅游板块,,,07-08
我叫啊啊,板块。不放量坚决不要看,,,07-08
股魔3636,没实力，你做什么庄啊,,,07-08
明白空仓等待,这什么情况啊？旅游板块被砸的这么惨？其它都上去了,,,07-08
立房产,$旅游酒店(BK0485)$,,,07-08
股魔3636,害人的板块，大家看破看破快跑快跑快跑快跑快跑快跑,,,07-08
harkhuang,这个板块非要国务院发布重大利好才能涨,,,07-07
Sti11ove,马上要变盘了，本月将开启消费新起点，下半年重点埋伏潜伏消费股，趋势末端，最晚7月,,,07-01
透彻見底,天府文旅(SZ000558)$789三个月是一川渝一文旅（影视节）一文体（川超）,,,07-07
股魔3636,快跑快跑快跑快跑快跑快跑快跑快跑快跑快跑,,,07-07
超级大宝贝儿,添柴火了,,,07-07
高老庄女婿,希望你下周给点力，不要成为大环境下的逆子。,,,07-04
股魔3636,看破看破看快跑快跑快跑看怕,,,07-04
坦诚的肖古力娜扎,那个大哥准备做龙头点火,,,07-04
股魔3636,快跑快跑快跑快跑快跑卡普空破恐怕快跑,,,07-04
细心的心星尘,暑假都没钱旅游了，都在家打游戏了，游戏大涨,,,07-04
股魔3636,LJ板块，快跑快跑快跑快跑快跑怕,,,07-04
五毛钱炒股,这板块看来是真废了,,,07-04
高老庄女婿,就我买入的那几手，都不够大盘塞牙的，居然引起了大盘下行。,,,07-04
几十厘米换人生,比光伏板块还垃圾的板块,,,07-04
恒心的陆彦柯,没人去旅游了啊,,,07-04
松炀资源3000手,速度买入锦江酒店，历史黄金大底,,,07-03
蔷薇花的末季,$旅游酒店(BK0485)$,,,07-02
韭园算师,真是犯了天条的板块,,,07-02
只做长线耐住寂寞,下周暑期旅游开始了,,,07-01
股友0P0P899690,旅游板块这是触犯天条了吗？这么打压,,,06-27
多财兴隆de逍遥子,旅游是没人看上吗，垃圾板块没人理？？？,,,06-30
怕不涨减加不怕涨,准备退出酒店支棱不起来,,,06-30
一直在学习研究,板块调整一步到位，谁先拉大阳，谁当板块龙头。从现在开始。,,,06-27
林森7,封关对中国中免短期内到底是什么影响？,,,06-28
不动如佛,不低了，关于高管薪酬的反对票已经达到了27.78%，20多亿的规模了，已经有了初,,,06-28
不动如佛,对高管薪酬表决提案的否定票占比是27.78%，差不多有20亿市值的股权用户投了反,,,06-28
几十厘米换人生,这个板块没有一个能打的,,,06-27
不动如佛,积少成多吧，多少给管理层一些警示作用！ $中青旅(SH600138)$ $凯撒旅,,,06-27
gokc168,加油加油，引爆旅游板块(^o^),,,06-26
水羽天成2932,旅游板块开始了,,,06-26
不动如佛,请求罢免全部管理层！全部反对票！$中青旅(SH600138)$ $旅游酒店(BI,,,06-26
坚韧的金牛座,酒店已经开始调价了吗？,,,06-26
股友L936032M71,锦江酒店今年以来一步一步的在走下坡路已经走入深不见底的深坑了,,,06-25
心态平静如水,中考高考都结束了，该旅游了,,,06-24
股友yPZylH,随暑假到来，神兽们开始旅游了,,,06-24
股友yPZylH,长达五十多天暑假来了，升学游开始了,,,06-24
几十厘米换人生,这个板块这么不受人待见吗连跌,,,06-23
莫装x易雷P,中东局势恶化，旅游也没办法躲过去了,,,06-22
几十厘米换人生,30分钟底背离严重,,,06-20
莫装x易雷P,斜壁，熬着吧，少跌一点就OK,,,06-20
gokc168,整个板块人气已经到了冰点了,,,06-20
贴心的不懂你,中东难民要开了，赶紧接着,,,06-19
葛大壮,517390资金高低切最好的去处，加油冲鸭弟兄们,,,06-19
好好喝咖啡,有本事一直调整，不要消费,,,06-18
股友LQ3ejB1384,废材旅游！,,,06-18
莫装x易雷P,今年有暑假炒旅游预期么,,,06-09
气宇不凡的唐函洪,缺个领头羊,,,05-29
清新脱俗的猫哥,祥源文旅又废了，不要进,,,06-12
股友wRCh5E,黄旅走势价垃圾。旅游张家界涨是炒垃圾。一时半会没戏。拿着黄旅底仓，爱咋地咋地！,,,06-12
心态要好啊,需要一个龙2带动一下,,,06-11
股魔3636,快跑快跑快跑快跑怕快跑快跑怕怕,,,06-11
重生之我是小散,认清一点，旅游不受他谈不谈的影响，有这个逻辑就能拿住,,,06-10
葛大壮,517390资金的首选，冲鸭弟兄们,,,06-10
kmlaser,高考结束了可以去旅行了,,,06-09
Sti11ove,资金还在不断流入吸筹，这几天下跌资金是流入的，节前或者节后都有可能会拉升一波大的,,,05-29
九阴会,岭南控股天天拖累板块，申请踢出去旅游酒店板块,,,06-05
几十厘米换人生,高考完1000多万学生要旅游，去年我闺女高考完旅游花了好几千,,,06-06
永旺向钱,孩子高考完了准备去旅游放松一下，可是想去的地方都爆满根本订不下酒店,,,06-06
蚂蚁的寂寞生活,端午节过去涨停，节前大跌。散户哭,,,06-04
小楼暮霭与卿携,节假日都过去了它反而拉了，真正节假日天天跌，坑挖够了就拉，就这么简单,,,06-04
账户已注销,这是端午节后增长的一个鼓励，目的就是让大家再接再厉，然后呢，后续还是回归正常，一,,,06-04
单调一只大猫,直接并到其他板块得了,,,06-04
股友70L058x732,旅游涨一天跌一个月，大家别上当，从2月和5月被骗过两次，,,,06-03
股友3667l98L55,个股没有一个能顶上的,,,06-03
爱财小萌主,光荣呀大过节来不想着启动一波带动一下消费、这倒好开盘一路阴跌到收盘好像你跟涨过一,,,05-30
单调一只大猫,整个板块都没人玩了,,,05-30
人遁其1,就没有像样的拉一次，大盘跌它跌，涨它还是小涨或者跌,,,05-30
股友0P0P899690,买了旅游的都别去旅游，消费在其他地方不好吗,,,05-30
机智的戴楠池,没有龙头,,,05-29
n9658134128093421342,又泡汤了，难啊！真难！很多行业还是靠天吃饭的！,,,05-29
生仔的钱好好养,食品饮料涨了，该旅游酒店了吧！,,,05-28
股友3667l98L55,旅游算不算消费，食品饮料都涨疯了，这边连点资金都没有,,,05-28
马到成功2025,消费板块涨的那么好，旅游作为消费的重要支撑，结果走成这样,,,05-28
闯王天下归心,给我拉,,,05-28
股友LQ3ejB1384,你造11孽吧，这些泄！,,,05-28
机智的戴楠池,跨境旅游+端午+暑假,,,05-26
松炀资源3000手,能把锦江酒店踢出板块么,,,05-26
一直亏钱的大资金,三连跳，属实过分,,,05-23
机智的戴楠池,过节餐饮行业又要爆一波,,,05-26
好好喝咖啡,好山好水不如猫和狗,,,05-26
小李爱炒股,来个大哥吧,,,05-26
悟道飞仙灬,真搞不懂这个旅游！怎么这么水,,,05-23
端庄大气的文三仟,房地产爆了，白酒不行了，旅游也不行了吗，,,,05-16
九阴会,st旅游酒店板块，资金都去哪了，一点护盘都没有,,,05-22
愉快的宣月1,这个板块真垃圾，自从去年国家发布大部分旅游都是亏损，资金一直流出,,,05-22
松炀资源3000手,速速买入锦江酒店，爆拉马上开始,,,05-22
股友3667l98L55,板块准备倒闭？一个红的都没有,,,05-22
端庄大气的文三仟,旅游不行了怎么拉动内需,,,05-22
豪爽泼辣的霜白4,全市场不要的股全在这个板块,,,05-22
机智的戴楠池,板块没一个涨的，真牛,,,05-22
机智的戴楠池,从去年9月份开始，这个板块是涨的最少的，其次是地产,,,05-21
豪爽泼辣的霜白4,全时长最垃圾得板块之一,,,05-21
机智的戴楠池,端午吃粽子,,,05-21
股友1666Ga7035,5月6月旅游不是低谷吗,,,05-20
乐清勇哥,5月19日中国旅游日，旅游强国，看19日有多少政策发布！,,,05-15
阵容量,今天是中国旅游日,,,05-19
闹市隐者2016,出清,,,05-18
严格执行88888,明天可以升,,,05-16
巴菲特的师傅8,我公司准备去山东旅游了，山东旅游今年不一样？为何不去其它省？,,,05-12
金喜墩,目前来看上面不让发展旅游业,,,05-12
韭菜场里的鬣狗,抄底接刀子了，希望不是半山腰吧。祝各位周末好梦，画个趋势线给兄弟们来个心理按摩吧,,,05-09
无敌70后,占山占地为王，画个圈安个收费站拦路收费，还的亏损！都让权利贪了吧！,,,05-09
七位数牌,五六月旅旅游每年都没行情的,,,05-09
我是358团的,该到旅游表现一下了,,,05-09
选股抓涨停小能手,旅游股消费股，勾都不买,,,05-08
松炀资源3000手,能把锦江酒店踢出这个板块吗？,,,05-08
股市悟道盼有期,看着真是扎心浪费了这几天的好行情！五一出游到处涨价硬是一点反应都没有……,,,05-08
天下无敌大魔王,这么好的数据，不拉一下吗,,,05-07
股友6qySPX,板块都跑不过大盘，更别说个股了,,,05-08
姜齐家,51旅游也算是完成任务了,,,05-08
机智的戴楠池,等9月份,,,05-07
禁666,真不行啊,,,05-07
股友b8EPik,垃圾板块,,,05-07
霄之牛,今天这板块什么情况？卖的门票不够它们私底下分吗？,,,05-06
驰骋股市迎朝霞,刚看了一下旅游板块基本面稍好点的排跌幅榜前而高市盈率或负市盈的股排涨幅榜前，这都,,,05-06
夜之宴,贵州翻船事件对旅游业打击很大,,,05-06
麻木了的人,整个板块没有任何新闻和消息，什么情况啊这是,,,05-06
姜齐家,全都在涨，只有你在克制大盘，谁在控制你呢,,,05-06
wife柯J,霉体不是一直在喊五一假期旅游各项数据同比不是超新高吗？哈哈,,,05-06
春华未止,又是板块倒数第一很牛逼的板块,,,05-06
哈哈嘿嘿哈喽,最坑人的板块，连续跌了,,,05-06
股友F5Q9035910,纯垃圾板块,,,05-06
选股抓涨停小能手,笑了，最烂,,,05-06
亏损65个点,这是了吧,,,05-06
姜齐家,5月1旅游消费不及预期,,,05-06
股友6qySPX,又踏马，最后一名,,,05-06
万夫涨_逸沨,酒店价格踏马的翻好几倍，股价走这鬼样子，旅游真是完蛋了，从来没想过一场旅行里，食,,,05-02
股友97m5gJ,真是反人性呵,,,04-30
黄山2018,别天天盯着那些涨停板那都是散户股东割肉后才爆涨的，这种股票谁进谁巨套，哪天业绩暴,,,04-30
涨停板烧烤摊主,内需-旅游是最垃圾的行业,,,04-30
股友6qySPX,槽，没治了,,,04-30
爱拼会赢得海棠,废了废了一键清仓,,,04-30
股友F5Q9035910,旅游板块以后不会买，科技才是王道。太过垃圾,,,04-30
风时机,黄山旅游带头大哥没涨停，所以旅游板块不行,,,04-30
规则平定路,旅游板块带头大哥是谁？,,,04-30
买最新分歧股,都去旅游，股票挣钱,,,04-30
俄罗斯st牛哥大号,西域旅游牛哥跑了，你不跑活该被埋！,,,04-28
清新脱俗的猫哥,旅游板块对GOV来说不是核心资产，GZ才是,,,04-30
股友6qySPX,神踏马板块,,,04-30
股友6qySPX,神板块,,,04-30
单培红,这垃圾板块套我3年了，真能跌,,,04-30
单调一只大猫,放假了，唯独旅游不涨，也真是奇葩,,,04-30
洒脱随性的曹艳娥,作为为数不多的不受关税战影响以及贬值收益的板块这都不涨。我看不出来诚意,,,04-29
账户一直长虹,主力资金都不认可旅游消费，还天天的发政策让消费，笑死人了,,,04-29
团结得栀子花,这垃圾板块真恶心,,,04-29
王的佛实盘操作,旅游板块历来就很恶心，里面的资金素质极低。,,,04-29
monterhunter,这个板块赶紧退市吧！！看看食品和百货,,,04-29
生龙活虎的乔心宇,一个众信把旅游带崩了，也没谁了,,,04-29
勇攀高峰地青果,旅游板块真心看不下去,,,04-29
生龙活虎的乔心宇,旅游是真垃几，还没开始涨就结束了,,,04-29
股友F5Q9035910,旅游看样子是被放弃的板块了,,,04-29
豪爽泼辣的霜白4,最拉几的板块没有之一,,,04-29
人遁其1,唉，自选一下几个ST还怎么玩，,,,04-29
马中九,就歺万亿的送人处消费,,,04-29
领先世界的A股,五一临近居然暴跌,,,04-28
圆圈oo,板块一致性风险，大家都觉得5.1会涨，大家都在买。。。那到底谁会去拉呢？,,,04-28
股友97m5gJ,瞎了眼了，找了个ST当老大,,,04-28
鹤子21661,格局还坑人，一路格局，一路跌,,,04-28
炒股差不多,旅游板块要出妖股了,,,04-27
秀外慧中的俞俞炎,还有没有人管了，周末发利好开盘就砸，还有没有公德心了，还有没有道德底线了，还有没,,,04-28
领先世界的A股,五一要到了，利好兑现了,,,04-28
股鸣虫,亿万股民亏的五一期间没钱旅游消费了。,,,04-28
永不打板永不追高,这是没完了？,,,04-28
股友Y2q1620717,尔虞我zha的特质在这里表现的淋漓尽致….,,,04-28
永不打板永不追高,没完了？,,,04-28
飞黄富贵老高,$旅游酒店(BK0485)$,,,04-28
单调一只大猫,某些人天天吹数据就是不涨,,,04-28
一鸣惊人得赛莉娜,这个板块不会让个st股当龙头吧？,,,04-28
财道2020,没钱怎么旅游，工作不好找,,,04-28
yexinhai,股民都被量化收割了，还有什么钱消费？,,,04-28
迪亚Yi,这是吃药了吗跌成这样,,,04-28
永不打板永不追高,跌不完了,,,04-28
云村有犬,是不是觉得51放假去旅游是利好，追进来了吧，早就提前炒了，现在利好就是出货笨蛋逆,,,04-28
清新脱俗的锦华3,烂，五一不想让人消费了吗,,,04-28
