author,comments,update,sentiment_score,analysis_think
遵守铁律999,……,10-31,3,评论内容为空，无法进行情感分析
我love投资,旅游酒店板块下跌到一定幅度，犹如荒丘变成了金山，吸引贪婪的掘金人一批一批又一批的,10-31,3,比喻下跌后价值显现，但整体情绪中性
小馄钝8035,旅游还是上不去，冲高回落。,10-31,2,评论中提到'上不去'和'冲高回落'，暗示股价无法持续上涨，属于悲观情绪。
我love投资,旅在牛市无人问酒在牛市有人弃——死啦死啦的,10-29,2,评论中表达出对牛市中投资者离场的不满，情绪偏悲观
令我行,早己看出来！专门有资金狂砸盘。砸吗！我也不会去追所谓的股价在天上的！一群乌合之众,10-29,1,评论中明确表达对市场暴跌的失望和拒绝追涨，属于极度悲观情绪。
股场黄药师,房地产也比你强太多,10-29,4,评论对比房地产与其他领域表现，隐含对房地产的积极评价
股场黄药师,把旅游踢出大A，大A应该在4500左右了,10-28,4,评论包含市场预期和动作描述，但未明确表达情绪，需结合语境判断。
有自信的多雨心19,调整完了可以拉了,10-28,4,评论中包含积极信号，'可以拉了'暗示机会，但'调整'可能隐含风险，整体倾向乐观。
股友krlbdU,旅游股，大部分成僵尸股了,10-28,2,评论指出旅游股多数为僵尸股，反映市场悲观情绪
心态平静如水,这个板块真是,10-27,3,评论内容不足，无法判断情感倾向
斐然斗金的明世隐,君亭酒店，随时拉升,10-27,4,评论暗示股价可能快速上涨，但需注意'随时'的不确定性
基民16r57V6901,旅游和白酒是最垃圾的板块，没有之一！！！,10-24,1,评论使用强烈负面词汇表达对旅游和白酒板块的极度悲观
有自信的多雨心19,越不敢买越涨，看涨,10-22,4,评论中包含矛盾情绪，但核心是看涨，整体倾向乐观。
什么时候能连板,大连亚圣真离谱,10-21,1,评论中使用'离谱'表达强烈负面情绪，属于极度悲观
光而不耀的黑悟空,天气冷，旅游到广东海南,10-21,2,天气冷可能影响旅游意愿，但评论中提及旅游，存在矛盾情感
什么时候能连板,大连，长白山是真的太厉害了，冰雪经济真是势不可挡,10-20,5,评论使用积极词汇描述冰雪经济，表达乐观情绪
MCDH,歇菜！埋单,10-20,1,评论中使用了'歇菜'和'埋单'，明显表达极度悲观情绪
什么时候能连板,大连，长白山是真的强，冰雪经济独一无二,10-20,4,评论中使用积极词汇描述冰雪经济，整体表达乐观情绪
反向操作准的很,垃圾板块，补涨都没有，跌的比谁都厉害，,10-19,1,评论明确表达极度悲观情绪
大发满斗的殷野王,$旅游酒店(BK0485)$,10-17,3,评论内容缺失，无法判断情感倾向
机灵俏皮的慧瞳9,这个板块的量还不错，交易看起来挺积极。,10-17,4,评论中提到成交量和交易积极，但未提及负面因素，整体偏乐观。
洒脱随性的针哥哥,外面好绿，还好我躲在这里了，囧。。。。,10-17,3,评论中带有无奈和尴尬的情绪，整体偏中性
SEO神话,1460再讲,10-16,2,评论中'再讲'暗示重复无效，可能带有负面情绪
卡特的投机者之刃,估计要轮动到旅游板块,10-16,3,评论提及板块轮动，但未明确情绪，需结合市场预期判断
要你命三千万,兄弟们我白山补仓了希望正合适,10-16,3,评论中包含补仓期待，但语气中性
ST云动消费者,下午卡萨天府要异动了,10-15,3,评论提及'异动'，但未明确正负面信息，需结合市场背景判断
努力的伏尔加,一个板块都没个涨停,10-15,2,整个板块都没有涨停，反映市场低迷，属于悲观情绪
洒脱的康美波,旅游板块在高位，有的跌了,10-14,3,评论提及'高位'且部分下跌，整体情绪偏中性
股友26y2329o38,以后不叫旅游板块了，叫金马板块吧。,10-14,2,评论者批评旅游板块，建议改名为金马板块，表达不满情绪。
Z210803,$旅游酒店(BK0485)$,10-14,3,评论仅提及股票名称，无明确情绪词汇
蚂蚁的寂寞生活,旅游板块还有跌，到十一月中旬布局，冰雪大世界概念股，长白山,10-13,2,评论提及旅游板块下跌，暗示悲观情绪
股友it22532689,板块都跌到大盘启动之前了吧,10-13,3,评论中隐含对市场走势的担忧，但未明确判断是否乐观或悲观。
再也不卖飞md,这超跌了吧？啊，都跌到哪去了，有病吧,10-13,1,评论中使用了强烈负面词汇，表达极度悲观情绪
股友26y2329o38,外贸黄了，消费也黄了。哈哈哈还有什么好期待的？,10-11,1,评论者对市场前景极度悲观
再也不格局了吧,科技落，旅游起，兄弟们怎么都不发帖子,10-11,2,评论对比科技与旅游表现，批评用户不发帖子，情绪偏向悲观
游资hubiao,中青旅起飞,10-11,4,评论中'起飞'暗示公司股价或业绩上涨，属积极信号
红绿财经,不是说全国有4点多亿人出行吗？各旅游景点爆棚。旅游人数又增加了多少多少？可是旅游,10-10,3,评论中包含质疑旅游数据的语气，但未明确表达强烈负面情绪。
非人非股,完全就是锦江拉下来的！锦江现在就是板块中的搅棍,10-10,1,评论强烈批评锦江，认为其扰乱板块，属于极度悲观
股友31vm808610,明天人民日报发的国庆假期旅游消费数据，这里并没有转发利好，今天小涨一点点以是回应,10-10,3,评论提及数据未带来利好，但小幅上涨，整体偏中性
挣亿点点就收手,国庆就算去旅游都不消费不住店，都是你们自己作的。,10-09,2,评论中带有责备语气，但未达极端悲观程度
股友NZI5QI,两个月的涨幅10天跌完了，牛不牛,10-09,1,两个月涨幅10天跌完，明显负面情绪
我不服,能不能把这个板块剔除啊！！！！！,10-09,1,用户强烈表达对板块的不满，属于极度悲观
爱不可以重来,都套着呢，只等庄家解套了，明天不要下雨出点小太阳。,10-08,3,评论中既有对庄家解套的期待，也有对市场回暖的调侃，整体情绪偏中性。
股友26y2329o38,10月9日旅游板块跌停，利好落地了。,10-08,3,评论中包含负面信息（跌停）和潜在正面因素（利好落地），但整体情绪偏向悲观
股友26y2329o38,还有两天清明了！祝大家快乐,10-04,3,评论包含祝福语，但结合清明节背景可能隐含讽刺，情感中性
游资hubiao,科技旅游跷跷板，科技涨旅游跌，资金虹吸效应,10-02,3,评论描述市场资金流动现象，未明确表达情绪，属中性
热情的A股股民,旅游酒店与国民经济关联太大了，所以板块暴跌，,10-02,1,评论指出旅游酒店板块暴跌原因，表达强烈负面情绪
再也不卖飞md,来地府拉一下主力,10-01,1,用'地府'比喻主力资金撤离，明显表达极度悲观
股友26y2329o38,消费个6，买旅游股的亏的没钱旅游！,10-01,2,评论表达亏损不满，情绪为悲观
兴高采烈的冉昭,随便调查了下身边朋友不出去玩的原因。第一就是酒店翻得太厉害了。长隆举例，8月去3,09-30,3,评论提及酒店问题但未明确关联股票表现，情绪中性
太和炒家股神,远离旅游板块。珍爱生命。买上就让你妻离子散。,09-30,1,评论中带有极端负面情绪，强烈警告投资者
我就是个菜地1016,这个板块怎么不ST,09-30,4,评论表达对板块未被ST的不满，暗示其稳定性，情感倾向为悲观但不极端
冷静的投资者,你们是买股票的，不是经营旅游业的,09-29,3,评论指出业务类型不匹配，但无明显情绪词，属中性
悟道前进,真坑人的垃圾板块,09-29,1,评论明确表达负面情绪，属于极度悲观
貔貅进宝,兄弟，跌的差不多了吧，都30个点了,09-29,3,评论中包含对市场下跌的无奈表达，但未明确体现极端悲观
聚享财神,加仓低位科技，等待轮动机会，旅游概念就是猴子的祖宗废废,09-28,4,评论中既有积极建议，但后半部分强烈贬低旅游概念，整体情绪偏向悲观
光而不耀的黑悟空,江苏旅游从来不宣传，因为游客永远是第一,09-28,3,评论批评江苏旅游不宣传，但语气偏讽刺，可能带有中性或悲观倾向
忠心耿耿格局,换科技牛市了，摩尔线程概念，10月底新主线，谁玩消费啊,09-27,4,评论强调科技牛市和新主线，带有积极倾向
股友pWLBDu,快到10月1了，还是8天假期的，整个板块5天跌了9.5，连反弹都不反弹的，整个板,09-27,2,评论指出板块连续下跌且无反弹，反映悲观情绪
忠心耿耿格局,旅游太惨了，全部被A杀了,09-27,1,评论使用负面词汇表达对旅游行业的失望，但未明确指代具体原因，整体情绪偏向悲观。
真理不需要光彩,没人来救汪汪队也是G,09-26,1,评论中带有明显负面情绪，暗示对汪汪队项目的不满
太和炒家股神,旅游板块连续下跌一个星期全股市还有哪一个板块能超过它？旅游板块下跌第一一直下跌一,09-26,1,评论强烈批评旅游板块下跌，暗示其他板块难以超越，情绪极度悲观
天使1987,板块个股太不行，今天还是龙头第二天就直接跌回去，所以板块不可能好,09-26,3,评论指出板块个股表现不佳，但未使用极端情感词
中级炼金师,旅游酒店牛逼呀，要上天入地呀,09-25,5,评论使用强烈赞美词汇，表达极度乐观
一闪一闪亮晶晶,旅游股的散户们早死早安乐,09-25,1,评论使用讽刺语气批评旅游股散户的贪婪行为
股虫化蝶,提前让大家在股市里消费，别想出门旅游了,09-25,2,评论批评股市消费导致无法旅游，体现悲观情绪
拿回鼠于我的一切,犯天条了？这个板块,09-24,1,评论中使用'犯天条了'表达极度负面情绪
哇我要发财咯,股民在A股旅游了，不用出去了,09-24,4,股民投入A股视为积极信号，'旅游'隐含乐观，但'不用出去'可能暗示市场稳定，整体偏乐观。
股益中长,请问消费旅游板块把谁惹到了，竟然这样走势，头也不回,09-24,2,评论中带有责怪语气，指出消费旅游板块表现不佳，属于负面情绪
股友882651O5w6,都知道股民亏钱没心情旅游,09-23,5,评论指出股民亏损导致无法旅游，体现极度悲观情绪
谨慎的肖思源,旅游消费板块不行，经济确实不行了,09-23,1,评论明确表达对旅游消费板块和经济的负面看法
韭菜半打,台风天，做做旅游的攻略……节日到哪玩？,09-23,3,台风天影响旅游计划，询问节日去哪玩，暗示当前旅游环境不佳，可能带有悲观情绪。
股友70L058x732,都被消费电子吸走了,09-22,2,评论暗示消费电子主导市场，可能引发悲观情绪
机智的戴楠池,真毒啊，佩服,09-22,1,评论中包含负面情绪，但后半句带有讽刺意味，整体情感倾向负面。
股友zq0gqn,什么垃圾板块,09-22,1,评论使用'垃圾'强烈贬低某板块，情绪极悲观
三年_封神之战,$旅游酒店(BK0485)$,09-21,3,评论仅提及行业名称，无具体信息，无法判断情感
东方明灯万家灯火,死也要死在旅游，不能死在科技创业接盘……！,09-21,1,评论表达对科技创业的极度悲观
有决策力的小牛牛,$旅游酒店(BK0485)$,09-20,3,评论中未提供具体情绪信息，需结合行业风险判断
光而不耀的黑悟空,台风来了,09-20,3,评论未提及股市，但台风通常引发不确定性，可能对市场产生负面影响，但缺乏具体信息，判定为中性。
东方明灯万家灯火,旅游酒店下杀也正常，大资金都在科技创新，不会轻易抬轿子的，等呗,09-19,4,评论提及资金转移至科技创新，暗示积极信号，整体中性但略乐观。
牛批的一批,别冲动,09-19,3,评论包含警告意味，但未明确表达强烈情绪，属于中性
浪尖上的老九,节前肯定会涨,09-19,4,评论中明确表示节前会涨，属于积极预测，但需结合市场实际判断。
股友086w19393a,看这一个个的上影线，恶心,09-18,1,评论中明确使用负面词汇表达对技术分析现象的不满
skyhero1993,买旅游的都亏了吧，本来有钱旅游的，这下子好了旅游不了了,09-18,1,评论强烈批评旅游股投资，表达极度悲观情绪
哎呀一k丁,大家旅游穷游就行，别买景区的任何东西，,09-18,3,评论建议避免购买景区商品，未显性表达情绪，属中性建议
股友26y2329o38,资金在科技一时间转不过来，唉,09-17,2,评论中表达对资金流动困难的无奈，属于负面情绪
太和炒家股神,君亭酒店。竞价完毕直接下跌带崩了所有的板块。,09-17,1,评论指出君亭酒店股价暴跌导致板块崩盘，反映极度悲观情绪
太和炒家股神,今天就是君亭酒竞价的时候，进完以后直接下跌带崩了整个板块。,09-17,2,评论指出股价下跌导致板块崩盘，体现负面情绪
葛大壮,515880是绝世好基金，冲鸭弟兄,09-16,4,评论使用积极词汇并鼓励行动，整体情绪积极
光而不耀的黑悟空,十一考虑天气因素还是要求苏杭，上有天堂，下有苏杭,09-16,3,评论陈述事实，无明显情感倾向
光而不耀的黑悟空,君庭和金陵酒店，苏杭第一,09-16,5,评论中使用积极词汇，推荐酒店，情感倾向乐观。
光而不耀的黑悟空,国办：推动旅游标准实施应用和试点工作提升旅游产品质量和服务水平，聚焦入境游高端酒,09-15,4,政府推动旅游标准和试点，积极信号，但需结合具体关联性判断
基民63099P9U07,整个板块最近都没什么声音，还天天冲高回落，是不是意味着在蓄势要涨了啊？,09-15,3,市场缺乏活跃度，但未明确预测趋势，属中性
基民63099P9U07,整个板块有时候喜欢逆着指数，有时候又顺着指数，到底想干啥呀？,09-15,3,评论者质疑板块策略的不确定性，但未明确表达负面情绪
光而不耀的黑悟空,苏超一个假期就拉动700多亿的文旅经济，南京最大赢家，三季报会不会发预告,09-14,4,苏超推动文旅经济，但三季报预告不确定，整体偏乐观但存风险
光而不耀的黑悟空,根据2024年全国地级GDP数据，排名前十的地级市如下：不含南京，所以苏超联赛的,09-14,3,评论提及GDP排名和联赛，但未明确表达市场情绪，可能中性
基民63099P9U07,大盘普涨两天，旅游普跌两天，太牛了。,09-12,4,大盘普涨，旅游普跌，用户用'太牛了'总结，整体偏积极
zhang2022,这个板块下午要爆发，科技下来了,09-12,4,评论中包含'爆发'和'科技下来了'，整体情绪偏向积极但存在矛盾表述。
魅影骑士爱C罗,这个板块全让西安三傻给拖累了,09-12,1,评论中使用'拖累'一词，暗示整体表现不佳，情绪较强烈
机智的戴楠池,阿里扫街榜概念,09-11,3,评论提及'阿里扫街榜概念'，未明确情感倾向，需结合市场预期判断
袅上青云,食品饮料、旅游酒店、商业百货、航空机场等弱势板块上行趋势都已形成，几乎所有行情板,09-11,4,弱势板块上行趋势形成，整体市场积极
自在的钱日轩,密码，每次都砸,09-11,4,评论中包含负面情绪，暗示持续性损失，但未明确表达极度悲观。
豪放不羁的秋荻7,双节同庆活动活动多走动走动就好了多出去耍耍嘛打个伏击，之前那个电影跌停板抄底现在,09-10,3,评论中包含负面词汇如'跌停板'，但整体情绪偏中性
基民0GpFqn,$旅游酒店(BK0485)$,09-10,3,评论未提及具体表现，旅游酒店行业风险较高，但无明确负面信息
月吻恋舞蝶,参考8.29号，就看明日竞价会不会缩量上板，放量那么又要回调,09-10,3,评论提及市场走势的不确定性，未明确表达积极或消极情绪
风之子lj,奇葩主力，谁跌都跟，谁涨都不跟。,09-09,3,评论描述主力行为异常，但未明确预测市场走势，情感倾向中性。
有自信的多雨心19,旅游板块都在调整这是涨多了,09-09,2,评论指出旅游板块调整，暗示上涨过快导致市场调整，情绪为悲观
天使1987,笑了，消费都拉了你还在装死,09-09,4,评论中带有讽刺意味，但整体情绪偏向负面
skyhero1993,旅游这波上涨已经有半个月了，短期还是调整，不要追高。,09-08,4,评论肯定上涨趋势但提醒调整，整体偏乐观
股命先生,旅游股已经稀稀拉拉了，唉,09-08,2,评论表达对旅游股的失望，暗示悲观情绪
牛头磙,一个板块居然找ST当一哥，,09-08,1,评论暗示板块存在严重问题，属于极度悲观
石榴子,这个长下影线真恶心人,09-06,1,评论中使用'恶心人'表达强烈负面情绪，反映极度悲观
梭瓦賀,昨天抖音主播推十一旅游预期，看来还是不到时候,09-05,3,评论中提到'不到时候'，暗示对旅游预期的否定，但未明确情绪强度
这个股市有点怂,就是利好造成的,09-05,4,评论提到'利好'，属于正面情绪，但未明确程度
牛头磙,什么时候出去旅游一下,09-05,3,询问时间，无明显情感倾向
异动解密,短线热点,09-04,3,评论提及短线热点，未体现明显情绪，属中性表述
手搓游资,永远要相信龙头的魅力。跟着龙头。有龙虾吃,09-04,4,评论整体积极，但后半句幽默可能削弱情感强度
天使1987,都说了一个光伏一个旅游，这两个板块不要买，90%的时间都是跳水,09-04,1,评论明确表达极度悲观情绪，强烈警告不要购买
又要中新股了,该轮到旅游板块了吧科技新高过了,09-03,4,评论提及旅游板块突破新高，隐含积极预期
解放路营业厅散户,该跌不跌避大涨,09-03,3,评论中包含市场预期和建议，情绪中性但带有谨慎态度。
Romesquare,这比旅游etf好多了，旅游etf简直就是个假的,09-03,1,评论强烈贬低旅游ETF，属于极度悲观
快到碗里,今天旅游抗跌明天应该还可以冲,09-02,5,评论暗示股票未来有望上涨，属于积极预期
天使1987,最能跳水的两个板块，旅游板块和光伏板块，两个****,09-02,1,评论明确指出两个板块面临下跌，情绪强烈且负面
唐叔虎点蚊香,又努力争倒数第一呢？还真够进步的,09-02,4,评论中带有调侃但肯定进步，整体积极
回本就销户321,一个龙头都没有。,09-01,2,评论中提到'一个龙头都没有'，暗示市场缺乏强势领头羊，属于负面情绪
平静的交易者1,缺一个龙头，会是谁？商业百货是国光。,09-01,3,评论指出市场缺乏龙头，但提及国光为当前龙头，整体偏悲观
葛大壮,515980资金狂涌而入，冲鸭弟兄,09-01,4,鼓励性语言，暗示市场情绪高涨，属于乐观情绪
光而不耀的黑悟空,七夕酒店都不涨，完了,08-29,1,评论表达极度悲观，评分1
戴南不锈钢吖,人民币暴涨，境外旅游火了，旅游板块提前启动,08-29,5,人民币升值推动旅游板块上涨，市场积极预期
幼稚园股侠,九月炒旅游消费是主线,08-29,4,评论提及旅游消费旺季趋势，但未明确情绪，需结合市场预期判断。
旷课来大A,消费昨天尾盘拉了一下被砸，今天拉了一下又被砸，主力蠢蠢欲动,08-28,3,市场剧烈震荡，主力活跃，情绪波动明显
有自信的多雨心19,马上九月份了旅游该来一波了,08-28,5,评论暗示九月旅游旺季将至，表达积极预期
光而不耀的黑悟空,股民发了，旅游酒店消息,08-28,3,评论未明确消息内容，旅游酒店行业通常稳定，但无具体信息无法判断情感
自在的钱日轩,没咋涨过，跌是大跌,08-27,2,评论指出股价下跌幅度大，反映市场情绪负面
股友zq0gqn,这板块涨都不涨就跟着回调，下个月多半是机器人或者电源。都以为国庆前消费要拉主力就,08-27,2,评论中表达了对板块表现的失望和对未来走势的担忧
鼎晟投资,16500见,08-26,4,评论中'见'通常表示预期上涨，属于积极信号
天使1987,烂板块，涨一半跌一半,08-26,1,评论明确表达负面情绪，且提及板块波动性
普通人053,大盘3900点，成交量3万亿，这个板块真是烂,08-25,1,评论中明确使用'烂'字表达负面情绪，结合大盘和成交量的描述，体现极度悲观
小馄钝8035,重仓买了三峡旅游，怎么不涨？哎。。。,08-25,2,用户表达对三峡旅游股价下跌的失望，情绪为悲观
机智的戴楠池,垫底的板块，个股基本在3000点,08-25,1,评论明确指出板块垫底，个股价格在3000点，体现极度悲观情绪
莫装x易雷P,旅游不可能踏空的，下周开始起航,08-24,4,评论中带有积极鼓励的意味，但'踏空'可能隐含警告，整体偏乐观。
大吉利市得云中鹤,板块走势像是要加速了,08-22,4,评论中使用'加速'暗示市场预期向好，属于积极信号
黄山2018,你们是没见过这样的吧，这种老鼠仓机构我见多了，长白山也是这样的自己查查长白山在6,08-22,1,评论批评机构行为并质疑股价，情绪强烈
九阴会,重生之我在旅游躲牛市,08-22,4,评论包含积极元素（重生）但隐含策略性避险（躲牛市），整体情感偏中性偏乐观
股友93961m0P69,随着大众旅游时代的到来，旅行已经成为普通人的生活方式。活的像个人，而不是为了虚荣,08-20,4,评论强调旅行普及和积极意义，整体偏乐观
光而不耀的黑悟空,酒店业绩一样,08-20,3,评论中未体现明显情绪变化，描述现状而非评价
厚de载运,市场没有可涨的就自然会去旅游消费类,08-20,3,评论暗示市场缺乏上涨动力，但未明确否定整体趋势，属于中性偏悲观
lo200910,这波走完了,08-19,3,评论暗示市场波动结束，可能中性或略悲观
必须要空仓等待,每天都净流出，到底有多不看好旅游,08-19,2,评论明确表达对旅游板块的悲观态度，且提到净流出，属于强烈负面情绪
美丽的入腊红,旅游板块就是躲避牛市的，走吧！随便进个都好,08-18,3,评论中提到旅游板块是躲避牛市，带有负面情绪但未完全绝望
袅上青云,几乎所有行业板块（包括钢铁、煤炭等）都已形成了上升通道，唯有旅游酒店、商业百货、,08-17,4,大部分行业形成上升通道，但旅游酒店、商业百货未提及，整体偏乐观。
n14008080123501d,央行最新货币政策报告释放重要信息：宏观调控思路加快转变服务业估值有进一步完善空间,08-17,4,政策调整与服务业估值空间提升均属积极信号，整体呈现乐观情绪。
黄山2018,黄山这个价区域真实成交量不会超过5万多手其他多出来的量全是老鼠仓基金和私人名人账,08-15,1,评论指出成交量虚高且涉及老鼠仓和名人账，明显负面
股友22c00365m0,9.3阅兵北京本地股首旅酒店和全聚德应该是最直接的受益者,08-15,4,评论指出阅兵带来北京本地股受益，属于积极预期
机智的戴楠池,避险板块,08-14,4,避险板块在市场恐慌时通常被看好，但缺乏具体信息时可能视为中性
三藏十二,$旅游酒店(BK0485)$,08-14,3,评论仅包含股票代码，无情感信息
旷课来大A,消费昨天利好全部高开低走很诡异，大盘破了新高向上空间不大了，做好防御准备，重点关,08-13,3,评论中包含负面情绪和市场担忧，但未完全否定市场前景。
这个股市有点怂,高开低走，,08-13,2,高开低走反映股价短期波动，通常带有负面情绪但未明确原因
n1397399416a40ff,旅游板块没有资金来炒！市场不认同,08-13,3,评论指出旅游板块缺乏资金和市场不认同，反映悲观情绪但未达极端
上海超短操盘手,短期会小涨，但是我继续观望，我在旅游酒店提前炒国庆中秋的预期,08-09,4,短期预期上涨但保持观望，未明确表达强烈情绪
红木房,能否集体来个涨停潮,08-08,4,评论表达对市场上涨的期待，带有乐观情绪但不确定
九阴会,西域旅游20cm涨停带都不动板块动一动，666，一盘散沙,08-08,2,评论指出涨停但板块整体低迷，反映市场混乱情绪
n1397399416a40ff,旅游板块，有人不想让她涨！打压中,08-07,3,评论中提到'打压中'，暗示市场存在负面压力，但未明确具体原因，需结合整体市场判断。
小馄钝8035,这一次拿着旅游酒店太倒霉了，指数涨600点还输钱，晕死了。,08-06,1,评论中使用了强烈负面词汇，表达极度悲观情绪
主力放心我不砸盘,$旅游酒店(BI0485)$$海南板块(BI0176)$$A股平均股价(ZT80,08-06,3,评论未提及具体股票表现或市场情绪，缺乏明确信息
龙年8号的吉祥二宝,洗盘结束，开始拉升，,08-06,4,洗盘结束，开始拉升表明市场情绪积极，预期后续上涨
几十厘米换人生,这是避险板块,08-05,3,评论未表达明确情感，但提及避险板块可能隐含积极信号
控制回撤稳定胜率,今天指数修复，然后旅游板块也进行修复，天府，今天应该是出货了，主动性不太强，有点,08-04,3,市场修复但部分板块出货，情绪偏中性
九阴会,拉机板块，没一个能打的，全是僵尸股,08-01,1,评论明确批评拉机板块所有股票均为僵尸股，情绪极度悲观
单培红,最恶心的板块，满仓套我3年了，太狠了,08-01,1,评论中明确表达强烈负面情绪，涉及被套牢和亏损，属于极度悲观。
阿狸不吃糖,这板块太惨了吧，除了趋势牛的那几只，其他的都不敢红,07-31,1,评论中使用了强烈负面词汇，表达极度悲观情绪
股友Smsv0e,$旅游酒店(BK0485)$,07-30,3,评论中无明确情感词汇，仅含股票代码，无法判断情绪
东财网友8327513727991190,董秘，你给我爬出来,07-30,3,评论中带有命令式语气，可能表达不满或催促，但未明确负面情绪
几十厘米换人生,分化太大了这个板块,07-30,2,评论指出板块分化严重，反映市场情绪波动，属于悲观倾向
KevinJay,西藏旅游得8板，才能带动,07-29,4,评论提及股价上涨幅度，但未明确市场影响，可能偏向中性或乐观
机智的戴楠池,中免和宋城又再打压板块了,07-29,3,评论提及中免和宋城打压板块，暗示市场情绪负面，但未明确股价下跌幅度，可能属于中性或悲观。
破黄就跑,旅游板块有可能最近要集体高潮一次，拿住了,07-29,4,评论暗示旅游板块可能上涨，整体语气积极
农民收割庄家,感觉科技与狠活是阻碍消费的一个原因，然后就是景区的商总认为都是一次性消费，目光太,07-26,2,评论批评科技与狠活阻碍消费，同时指出景区商总目光短浅，整体负面情绪。
英姿飒爽的拾翠园,中午拉那一波算个啥,07-25,3,评论中带有否定语气，但未明确具体事件，可能为中性或轻微悲观
葛大壮,卧龙电驱，冲鸭弟兄,07-24,4,评论中包含鼓励性词汇，整体情绪积极
机智的戴楠池,这波牛市，板块个股跌的真是惨不忍睹,07-24,1,评论中使用'惨不忍睹'表达强烈负面情绪
葛大壮,卧龙电驱，杠杠的，冲鸭弟兄,07-24,5,积极鼓励，表达强烈看好
王的佛实盘操作,这些苟比们砸旅游板块干什么，莫名其妙的,07-23,3,评论中带有贬义，但情绪较弱
机智的戴楠池,这板块一直被中免和宋城压制，起都起不来,07-23,2,评论指出板块被龙头企业压制，反映悲观情绪
机智的戴楠池,就这个板块还在底部,07-22,2,评论提及'底部'，暗示市场情绪悲观，但未明确否定未来走势，可能属于中性或轻微悲观。
足智多谋的石港,旅游板块拉起别装了主力,07-21,4,评论中提到旅游板块上涨，暗示主力资金推动，整体情绪积极。
液体阳光,温馨提示：大连这个夏天有点儿【冷】,07-17,3,评论中用'冷'比喻市场表现，可能隐含悲观情绪，但无明确负面词汇，需结合语境判断。
自信人生二百年1,小垃圾,07-17,1,评论使用贬义词表达强烈负面情绪
股友ybfp62,钱全部存银行了，哪里有人去旅游，去的也都是穷游,07-16,1,评论表达对旅游行业需求下降的悲观看法
股友ybfp62,垃圾,07-16,1,评论使用'垃圾'一词表达强烈负面情绪
去你的123,整个板块都废了，以前大盘不行还会拉下，现在彻底废了,07-16,1,评论强烈表达对板块的极度悲观
永旺向钱,香港旅游股暴涨，国内旅游股却大跌？,07-15,3,香港旅游股暴涨与国内旅游股大跌形成对比，可能反映市场分歧，整体情绪中性。
股友LQ3ejB1384,你是啊！,07-15,3,评论中无明确股市相关情绪，无法判断情感倾向
股友2609N2a117,日4你嘛,07-15,3,句子含义不明，无法判断情绪
股民的股,慢牛,07-14,3,评论描述市场缓慢上涨，未体现明显情绪倾向
金三_银七,这个板4月涨了一波今年都没有机会了,07-14,1,评论表达对未来的极度悲观预期
一个涨字了得,这种没人气的板块，憨批才买吧,07-14,1,评论强烈批评买入没人气板块，情绪极度悲观
社会你宝总,整个旅游板块目前只有桂林旅游出了半年业绩公告，怎么肥事？,07-12,1,评论中带有明显不满情绪，质疑旅游板块整体表现
文笔我就说,整个板块没一个能打的,07-11,1,评论明确表达对整个板块的失望，属于极度悲观情绪
锐科牌韭菜收割机,全是殠渔烂虾，没一个带头的，浪费指数了！,07-11,1,评论使用负面词汇并批评市场表现，反映极度悲观情绪
炒股二十年,大家换票吧，这波下午启动没轮上旅游，说明旅游板块没有资金进入主力，不看好旅游板块,07-11,3,评论中提到'换票'和'不看好'，但未明确表达强烈情绪，属于中性陈述。
金喜墩,旅游就不行国家不让旅游,07-10,1,评论明确指出国家限制旅游，属于负面情绪表达
几十厘米换人生,房地产光伏锂电池都比这货强多了，忍不住就换了,07-10,3,评论对比其他领域表现，暗示当前股票不佳但未完全否定
坦诚的肖古力娜扎,旅游没有大哥啦，难起来了，太单一了,07-10,2,评论表达对旅游行业发展的负面看法，包含负面词汇和情绪
坦诚的肖古力娜扎,旅游是真不动了吗,07-09,2,评论中隐含对旅游行业停滞的质疑，带有负面情绪
单培红,最恶心的板块,07-09,1,评论中使用'最恶心'表达强烈负面情绪
好好喝咖啡,最不卷的行业反而不看好？,07-09,3,评论指出反常现象，但未明确表达积极或消极情感
我叫啊啊,板块。不放量坚决不要看,07-08,1,评论中明确提到'不放量'和'坚决不要看'，体现强烈负面情绪
股魔3636,害人的板块，大家看破看破快跑快跑快跑快跑快跑快跑,07-08,1,评论中使用强烈负面词汇并重复警示，体现极度悲观
立房产,$旅游酒店(BK0485)$,07-08,3,评论未提及负面信息，但旅游酒店行业受经济影响可能偏中性
harkhuang,这个板块非要国务院发布重大利好才能涨,07-07,3,评论提及政策依赖性，但未明确表达乐观或悲观，属中性
透彻見底,天府文旅(SZ000558)$789三个月是一川渝一文旅（影视节）一文体（川超）,07-07,3,评论陈述事实，无明显情绪倾向
股魔3636,快跑快跑快跑快跑快跑快跑快跑快跑快跑快跑,07-07,1,重复加速指令暗示紧急撤离，属于极度悲观
股魔3636,LJ板块，快跑快跑快跑快跑快跑怕,07-04,2,评论中包含'快跑'和'怕'，暗示板块风险，情绪偏向悲观
恒心的陆彦柯,没人去旅游了啊,07-04,2,评论表达对旅游行业现状的担忧，属于悲观情绪
几十厘米换人生,比光伏板块还垃圾的板块,07-04,1,用'垃圾'形容板块，明显负面情绪
松炀资源3000手,速度买入锦江酒店，历史黄金大底,07-03,4,评论包含积极买入建议和历史底部信号，整体情绪偏向乐观
蔷薇花的末季,$旅游酒店(BK0485)$,07-02,3,评论未提及具体负面或正面信息，属于中性
韭园算师,真是犯了天条的板块,07-02,1,评论使用'天条'比喻板块表现糟糕，明显带有极度悲观情绪
Sti11ove,马上要变盘了，本月将开启消费新起点，下半年重点埋伏潜伏消费股，趋势末端，最晚7月,07-01,4,评论提及变盘和消费股布局，整体积极但带风险提示
只做长线耐住寂寞,下周暑期旅游开始了,07-01,3,评论未提及负面因素，但涉及旅游可能隐含风险，倾向中性或乐观
怕不涨减加不怕涨,准备退出酒店支棱不起来,06-30,3,评论表达对酒店环境的不满，但未明确具体原因，情感倾向中性但带有负面情绪。
多财兴隆de逍遥子,旅游是没人看上吗，垃圾板块没人理？？？,06-30,1,评论强烈质疑旅游板块和垃圾板块的前景，表达极度悲观情绪
林森7,封关对中国中免短期内到底是什么影响？,06-28,3,问题询问政策影响，无明显情绪倾向
不动如佛,不低了，关于高管薪酬的反对票已经达到了27.78%，20多亿的规模了，已经有了初,06-28,3,评论提及反对票高且规模大，但未明确负面后果，可能中性
不动如佛,对高管薪酬表决提案的否定票占比是27.78%，差不多有20亿市值的股权用户投了反,06-28,2,否定票占比高且股东反对，反映市场对高管薪酬的担忧，但未明确股价影响
股友0P0P899690,旅游板块这是触犯天条了吗？这么打压,06-27,1,评论中使用'触犯天条'和'打压'表达强烈负面情绪
一直在学习研究,板块调整一步到位，谁先拉大阳，谁当板块龙头。从现在开始。,06-27,4,评论包含调整和龙头争夺，既有紧张感又有期待，整体偏中性但略乐观。
几十厘米换人生,这个板块没有一个能打的,06-27,3,评论中明确否定板块表现，但未提供具体数据，属于中性但带有负面情绪
gokc168,加油加油，引爆旅游板块(^o^),06-26,4,评论中使用'加油'和'引爆'表达积极情绪，但未提及负面信息
水羽天成2932,旅游板块开始了,06-26,3,评论缺乏具体信息，无法判断情感倾向
不动如佛,请求罢免全部管理层！全部反对票！$中青旅(SH600138)$ $旅游酒店(BI,06-26,1,强烈负面情绪，请求罢免管理层
股友L936032M71,锦江酒店今年以来一步一步的在走下坡路已经走入深不见底的深坑了,06-25,1,评论明确表达对锦江酒店的极度悲观
心态平静如水,中考高考都结束了，该旅游了,06-24,4,评论表达轻松愉快的假期期待，整体积极
股友yPZylH,随暑假到来，神兽们开始旅游了,06-24,3,评论提及暑假和旅游，可能隐含市场情绪，但未直接关联股票，判断为中性。
股友yPZylH,长达五十多天暑假来了，升学游开始了,06-24,4,暑假和升学游通常与积极活动相关，可能偏向乐观
几十厘米换人生,这个板块这么不受人待见吗连跌,06-23,1,负面情绪，表达对板块下跌的不满
莫装x易雷P,中东局势恶化，旅游也没办法躲过去了,06-22,2,中东局势恶化导致旅游行业受冲击，表达负面情绪
几十厘米换人生,30分钟底背离严重,06-20,4,30分钟底背离严重表明市场可能面临调整，属于悲观信号
莫装x易雷P,斜壁，熬着吧，少跌一点就OK,06-20,3,评论中带有劝慰语气，未明显表达乐观或悲观
gokc168,整个板块人气已经到了冰点了,06-20,1,评论使用'冰点'形容板块人气低迷，属于极端负面情绪
贴心的不懂你,中东难民要开了，赶紧接着,06-19,1,评论提及中东难民问题，暗示社会不稳定，情绪偏向负面
葛大壮,517390资金高低切最好的去处，加油冲鸭弟兄们,06-19,5,评论中使用积极词汇并鼓励买入，表达强烈乐观情绪
股友LQ3ejB1384,废材旅游！,06-18,1,评论使用'废材'形容旅游产品，明显负面情绪，可能属于极端悲观
好好喝咖啡,有本事一直调整，不要消费,06-18,3,评论中存在矛盾表述，但整体强调能力，可能偏向中性或乐观
清新脱俗的猫哥,祥源文旅又废了，不要进,06-12,5,评论使用'废了'表达强烈负面情绪，属于极度悲观
股友wRCh5E,黄旅走势价垃圾。旅游张家界涨是炒垃圾。一时半会没戏。拿着黄旅底仓，爱咋地咋地！,06-12,1,评论明确表达对黄旅的负面看法，属于极度悲观
心态要好啊,需要一个龙2带动一下,06-11,3,评论中提到'龙2'可能指市场强势信号，但缺乏具体信息，需结合上下文判断
股魔3636,快跑快跑快跑快跑怕快跑快跑怕怕,06-11,1,评论中重复'快跑'和'怕'，体现强烈恐慌情绪，可能属于极度悲观
葛大壮,517390资金的首选，冲鸭弟兄们,06-10,5,鼓励性语言，积极情绪
重生之我是小散,认清一点，旅游不受他谈不谈的影响，有这个逻辑就能拿住,06-10,4,评论强调某种稳定逻辑并鼓励抓住机会，整体积极
莫装x易雷P,今年有暑假炒旅游预期么,06-09,3,评论中无明显情感倾向，询问是否存在预期
kmlaser,高考结束了可以去旅行了,06-09,4,高考结束可旅行，暗示放松机会，积极情绪
永旺向钱,孩子高考完了准备去旅游放松一下，可是想去的地方都爆满根本订不下酒店,06-06,3,评论描述旅游计划受阻，但未直接关联股票，可能属中性或轻微悲观
几十厘米换人生,高考完1000多万学生要旅游，去年我闺女高考完旅游花了好几千,06-06,3,评论提及旅游费用但未明确表达情绪，属中性陈述
九阴会,岭南控股天天拖累板块，申请踢出去旅游酒店板块,06-05,1,评论明确表达对岭南控股的负面情绪，属于极度悲观
单调一只大猫,直接并到其他板块得了,06-04,3,评论未明确表达情感，但'并到其他板块'可能暗示风险或策略变动
蚂蚁的寂寞生活,端午节过去涨停，节前大跌。散户哭,06-04,3,端午涨停节前大跌，散户情绪负面，整体偏中性
小楼暮霭与卿携,节假日都过去了它反而拉了，真正节假日天天跌，坑挖够了就拉，就这么简单,06-04,4,评论认可股票在节假日后的反弹，认为之前的下跌是暂时的，整体表达乐观。
股友70L058x732,旅游涨一天跌一个月，大家别上当，从2月和5月被骗过两次，,06-03,4,评论包含警告和负面经历，但未明确预测未来走势，情感倾向偏悲观。
股友3667l98L55,个股没有一个能顶上的,06-03,1,评论直接否定个股上涨潜力，体现极度悲观
单调一只大猫,整个板块都没人玩了,05-30,1,评论表达市场参与者对板块失去兴趣，属于极度悲观
人遁其1,就没有像样的拉一次，大盘跌它跌，涨它还是小涨或者跌,05-30,2,评论指出股价长期低迷，大盘下跌，可能反映悲观情绪
股友0P0P899690,买了旅游的都别去旅游，消费在其他地方不好吗,05-30,3,评论带有讽刺意味，但未明确表达强烈情绪
n9658134128093421342,又泡汤了，难啊！真难！很多行业还是靠天吃饭的！,05-29,1,评论中使用了强烈负面词汇，表达了极度悲观情绪
机智的戴楠池,没有龙头,05-29,2,评论指出市场缺乏领头羊，可能反映悲观情绪
气宇不凡的唐函洪,缺个领头羊,05-29,2,评论暗示当前缺乏强有力的领导者，可能带有负面情绪
马到成功2025,消费板块涨的那么好，旅游作为消费的重要支撑，结果走成这样,05-28,4,评论指出消费板块上涨但旅游表现不佳，暗示负面情绪
闯王天下归心,给我拉,05-28,3,评论模糊，无法明确判断情感倾向
股友LQ3ejB1384,你造11孽吧，这些泄！,05-28,1,评论使用激烈语言表达愤怒，属于极度悲观
机智的戴楠池,跨境旅游+端午+暑假,05-26,3,评论包含假期相关词汇，但未明确提及具体股票或负面信息，需结合行业趋势判断
松炀资源3000手,能把锦江酒店踢出板块么,05-26,3,评论表达对锦江酒店的负面态度，但未明确否定其价值，属于中性偏悲观
机智的戴楠池,过节餐饮行业又要爆一波,05-26,5,评论暗示节日餐饮行业将迎来消费热潮，属于积极预期
一直亏钱的大资金,三连跳，属实过分,05-23,1,评论包含负面情绪，强调'过分'，可能属于极度悲观
悟道飞仙灬,真搞不懂这个旅游！怎么这么水,05-23,1,评论中使用'水'形容旅游质量差，表达不满，属于极度悲观
股友3667l98L55,板块准备倒闭？一个红的都没有,05-22,1,评论明确表达对板块的担忧，使用负面词汇且无积极信号
机智的戴楠池,板块没一个涨的，真牛,05-22,3,评论中既有批评市场表现，又用'真牛'表达调侃，情绪复杂但整体偏负面
豪爽泼辣的霜白4,全市场不要的股全在这个板块,05-22,1,评论指出该板块的股票被全市场不推荐，属于极度悲观
机智的戴楠池,从去年9月份开始，这个板块是涨的最少的，其次是地产,05-21,2,评论指出板块涨幅最小，暗示负面情绪
豪爽泼辣的霜白4,全时长最垃圾得板块之一,05-21,1,评论使用'最垃圾'强烈负面词汇，属于极度悲观
机智的戴楠池,端午吃粽子,05-21,1,评论内容与股市无关，无情感倾向
股友1666Ga7035,5月6月旅游不是低谷吗,05-20,4,评论质疑5月6月是否为旅游低谷，可能隐含对市场预期的判断
阵容量,今天是中国旅游日,05-19,3,评论未提及股市相关话题，但涉及中国旅游日，可能对旅游相关行业有积极影响，但缺乏直接关联
闹市隐者2016,出清,05-18,3,评论'出清'可能表示卖出股票，属于中性或轻微积极，但缺乏明确情感线索。
严格执行88888,明天可以升,05-16,3,评论表达未来可能上涨的预期，但缺乏明确积极信号
端庄大气的文三仟,房地产爆了，白酒不行了，旅游也不行了吗，,05-16,1,评论中多次提及行业衰退，情绪极度悲观
乐清勇哥,5月19日中国旅游日，旅游强国，看19日有多少政策发布！,05-15,3,评论陈述事实，无明显情绪倾向
巴菲特的师傅8,我公司准备去山东旅游了，山东旅游今年不一样？为何不去其它省？,05-12,3,评论中隐含对山东旅游的质疑，但未直接涉及股票市场，情感倾向中性。
金喜墩,目前来看上面不让发展旅游业,05-12,3,评论指出政策限制旅游业发展，可能带有负面情绪但未明确极端
七位数牌,五六月旅旅游每年都没行情的,05-09,3,评论提及旅游行业在五六月无行情，可能反映市场悲观情绪
我是358团的,该到旅游表现一下了,05-09,3,评论中'表现一下'可能暗示对方未达预期，但整体语义模糊，需结合上下文判断
韭菜场里的鬣狗,抄底接刀子了，希望不是半山腰吧。祝各位周末好梦，画个趋势线给兄弟们来个心理按摩吧,05-09,4,评论中带有调侃但整体积极，情绪偏向乐观
松炀资源3000手,能把锦江酒店踢出这个板块吗？,05-08,3,评论中隐含对锦江酒店的负面看法，但未明确表述，需结合语境判断。
股市悟道盼有期,看着真是扎心浪费了这几天的好行情！五一出游到处涨价硬是一点反应都没有……,05-08,1,评论中表达强烈不满和失望，属于极度悲观
股友6qySPX,板块都跑不过大盘，更别说个股了,05-08,2,市场整体表现不佳，个股更差，体现悲观情绪
天下无敌大魔王,这么好的数据，不拉一下吗,05-07,4,评论表达对数据的满意，但隐含请求，整体积极
机智的戴楠池,等9月份,05-07,3,评论中'等'字无明确情感，需结合上下文判断
禁666,真不行啊,05-07,1,评论中明显表达负面情绪，属于极度悲观
哈哈嘿嘿哈喽,最坑人的板块，连续跌了,05-06,1,评论使用强烈负面词汇表达对板块下跌的不满
股友6qySPX,又踏马，最后一名,05-06,1,评论中使用了强烈负面词汇，表达极度失望
姜齐家,5月1旅游消费不及预期,05-06,2,评论指出旅游消费未达预期，暗示市场或行业失望，属于负面情绪但未达极端悲观
万夫涨_逸沨,酒店价格踏马的翻好几倍，股价走这鬼样子，旅游真是完蛋了，从来没想过一场旅行里，食,05-02,1,评论中强烈表达对旅游行业和股价的悲观情绪
